id_dim_vigencia,id_dim_contrato,id_dim_contratada,id_dim_licitacao,val_executado,val_mensal,val_total,"num_contrato","contratada","cnpj","objeto","cat_objeto","res_objeto","uni_beneficiada","sei_originario","sei_pagamento","ano_contrato","ini_vigencia","fim_vigencia","decisao","rlc","classificacao_rlc","rtc","telefone_rtc","email_rtc","tip_logadouro","logadouro_con","numero","complemento","bairro","cidade","uf","cep","npl","modalidade","num_empenho","adi_prazo","adi_valor","num_apostilamento","situacao","lei","num_peintegrado","sta_peintegrado","num_efisco","sta_efisco","sta_remessatce","sta_transferegov","sta_doe","logadouro","contato_rtc",vigencia,dia_inicio,mes_inicio,ano_inicio,dia_fim,mes_fim,ano_fim,"semestre_inicio","semestre_fim"
231,10341,551,1343,16853143.0,0.0,19907214.0,"092025","Renovation Serviços e Manutenção Predial","28.198.456/000127","Prestação de serviços de reforma da pavimentação do Campus Santo Amaro da UPE (ESEF e condomínio), nas condições
estabelecidas no Termo de Referência, na proposta da CONTRATADA e nos demais documentos constantes do processo relativo ao PREGÃO ELETRÔNICO No 2951.2024.CPL UPE EN.PE.0047.FESP
UPE.","Serviço de engenharia ","Outros","Santo Amaro","0040608665.000024/202415"," ","2025.0","2025/06/25 00:00:00.000","2026/03/22 00:00:00.000"," "," "," "," ","0"," "," "," ","0"," "," "," "," ","0","2951.2024.CPL UPE EN.PE.0047.FESPUPE","Pregão eletrônico","2025NE000990"," ","1.0","0","Em execução","14133/21","LEG00038/2025FESPUPE440702","CONCLUÍDO","4/2025","ATUALIZADO","COM PENDÊNCIA"," "," ","null null, null- null- null, null- null, null","Fone: null. E-mail: null",270,25,6,2025,22,3,2026,"1","1"
232,10342,552,1344,0.0,0.0,5680000.0,"362025","Philips Medical Systems ","13.406.686/000167","ECOCARDIOGRAFO  SISTEMA DIGITAL DE ALTA RESOLUCAO PARA PARA ULTRASSONOGRAFIA DIAGNOSTICA  ESTRUTURA E FUNCAO CARDIACA,,SOFTWARE GERAL PARA RALIZACAO DE EXAMES VASCULARES E TRANSESOFAGICOS","Equipamento","Ecocardiógrafo","Outros","0040609855.000020/202543"," ","2025.0","2025/12/17 00:00:00.000","2026/12/17 00:00:00.000"," "," "," "," ","0"," "," "," ","0"," "," "," "," ","0","3963.2025.CPL.REIT.PE.0014.FESPUPE","Pregão eletrônico","2025NE3872
2025NE3873"," "," ","0","Em execução","14133/21","0"," ","0","COM PENDÊNCIA"," ","SEM CADASTRO"," ","null null, null- null- null, null- null, null","Fone: null. E-mail: null",365,17,12,2025,17,12,2026,"2","2"
143,10343,553,1345,113987154.0,3513859.0,216497424.0,"392021","Pearson Education do Brasil ","01.404.158/001838","Contratação de serviço de acesso à plataforma de livros eletrônicos, Biblioteca Virtual","Serviço contínuo","Sistemas e softwares","UPE","0040608277.000008/202153","0040610245.000023/202544","2021.0","2021/11/30 00:00:00.000","2025/11/30 00:00:00.000","Não prorrogar"," "," "," ","0"," "," "," ","0"," "," "," "," ","0","01302021CPLREITIN0016FESPUPE","Inexigibilidade","2024NE002581","5º","5º","0","Em execução","8666/93","LEG00051/2025FESPUPE440702","CONCLUÍDO","203/2021"," ","CONCLUÍDO"," "," ","null null, null- null- null, null- null, null","Fone: null. E-mail: null",1461,30,11,2021,30,11,2025,"2","2"
233,10344,554,1346,692400.0,173100.0,2077200.0,"042025","CS Brasil Frotas ","27.595.780/000116","CONTRATAÇÃO DE PRESTAÇÃO DE SERVIÇOS DE LOCAÇÃO DE VEÍCULOS, CLASSIFICAÇÃO VS1, VISANDO ATENDER AS NECESSIDADES DA UNIVERSIDADE DE PERNAMBUCO, DE ACORDO COM AS ESPECIFICAÇÕES E DEMAIS DISPOSIÇÕES CONTIDAS NO TERMO DE REFERÊNCIA.","Serviço contínuo","Locação de veículos","Reitoria","00406110014255.000007/202573","0040610245.000089/202534","2025.0","2025/04/11 00:00:00.000","2027/10/10 00:00:00.000"," "," "," "," ","0"," "," "," ","0"," "," "," "," ","0","0475.2024.AC07.PE.0200.SAD","Ata de registro de preço ","2025NE000510"," "," ","0","Em execução","14133/21","LEG00017/2025FESPUPE440702","CONCLUÍDO","11/2025","COM PENDÊNCIA","CONCLUÍDO"," "," ","null null, null- null- null, null- null, null","Fone: null. E-mail: null",912,11,4,2025,10,10,2027,"1","2"
234,10345,555,1347,1340497.0,550889.0,6610668.0,"282024","Gestão de T. em S. S. e A. de Mão de Obra","11457039000159.0","Prestação de serviços de mão de obra terceirizada, função eletricista, por um período de 12 meses, com disponibilização de equipamentos e utensílios necessários à adequada execução dos serviços, a fim de atender as demandas da Reitoria da Universidade de Pernambuco UPE, conforme disposições contidas no Termo de Referência, edital e respectivo anexos, do PROCESSO Nº 0062.2023, PREGÃO ELETRÔNICO Nº 0049.2023.","Serviço com mão de obra","Eletricista","Reitoria","00406110014255.000069/202402","0040608353.000002/202550","2024.0","2024/12/12 00:00:00.000","2025/12/12 00:00:00.000","Não prorrogar"," "," "," ","0"," "," "," ","0"," "," "," "," ","0","00622023PREGXIVPE0049SAD","Pregão eletrônico","2024NE002364"," "," ","0","Em execução","8666/93","LEG00009/2025FESPUPE440702","CONCLUÍDO","158/2024"," ","CONCLUÍDO","CONCLUÍDO"," ","null null, null- null- null, null- null, null","Fone: null. E-mail: null",365,12,12,2024,12,12,2025,"2","2"
235,10346,556,1348,39510.0,0.0,199010.0,"322024","DTEL Telecom ","09.376.370/000100","Prestação de serviço de acesso à INTERNET através de 01 (um) link de 1000 Mbps para a Fundação Universidade de Pernambuco  Unidade Surubim, dedicado e full duplex por empresa especializada e, devidamente autorizada pela ANATEL","Serviço contínuo","Internet","Surubim","0040610228.000005/202490","0040610238.000021/202544","2024.0","2024/12/18 00:00:00.000","2025/12/18 00:00:00.000"," "," "," "," ","0"," "," "," ","0"," "," "," "," ","0","31812024CCDDL0075FESPUPE","Dispensa","2024NE002945"," "," ","0","Em execução","14133/21","         LEG00013/2025FESPUPE440702","CONCLUÍDO","233/2024"," ","CONCLUÍDO","CONCLUÍDO"," ","null null, null- null- null, null- null, null","Fone: null. E-mail: null",365,18,12,2024,18,12,2025,"2","2"
236,10347,557,1349,434589.0,592621.0,7111452.0,"302025","Alforge Segurança Patrimonial","13.343.833/000105","Prestação de serviços de Vigilância Armada, a serem
executados com regime de dedicação exclusiva de mão de obra na UPE Campus Caruaru","Serviço com mão de obra","Vigilância armada","Caruaru","00406110020517.000018/202528"," ","2025.0","2025/11/25 00:00:00.000","2026/11/25 00:00:00.000"," "," "," "," ","0"," "," "," ","0"," "," "," "," ","0","1426.2024.AC36PE.352.SAD","Pregão eletrônico","2025NE003205"," "," ","0","Em execução","14133/21","CT00001/2025-FESP-UPE-440702","SEM CADASTRO","150/2025","COM PENDÊNCIA"," ","NÃO SE ENQUADRA"," ","null null, null- null- null, null- null, null","Fone: null. E-mail: null",365,25,11,2025,25,11,2026,"2","2"
237,10348,558,1350,34286272.0,850203.0,44569896.0,"252021","Kátia Cristina Pereira de Freitas","86377388420.0","Locação do imóvel localizado na Cidade de Palmares, na Rua Dr. Homero de Fança Limeira, nº 289, Bairro Santa Rosa, matriculado no Cartório de Registro de Imóveis da Comarca de Palmares sob o nº 01040370713001, com área construída 913,55m² da proprietária Katia Cristina Pereira de Freitas.","Serviço contínuo","Locação de imóvel","Mata Sul","0040608353.000013/201991","0040610245.000013/202517","2021.0","2021/05/01 00:00:00.000","2026/05/01 00:00:00.000"," "," "," "," ","0"," "," "," ","0"," "," "," "," ","0","01132019 DL 0054FESPUPE","Dispensa","2024NE000124"," "," ","0","Em execução","8666/93","LEG00056/2025-FESP-UPE-440702","CONCLUÍDO","45/2021"," ","CONCLUÍDO"," "," ","null null, null- null- null, null- null, null","Fone: null. E-mail: null",1826,1,5,2021,1,5,2026,"1","1"
238,10349,559,1351,2384020.0,0.0,2384020.0,"142024","Autografia E. Comunicação e Comércio","14.518.215/0001-03","Prestação de serviços de revisão ortográfica, diagramação, impressão, edição, tradução e distribuição de livros, destinados às diversas áreas do conhecimento da Universidade de Pernambuco","Serviço contínuo","Edição ","Reitoria","0040608274.000014/202301"," ","2024.0","2024/03/22 00:00:00.000","2025/03/22 00:00:00.000","Não prorrogar"," "," "," ","0"," "," "," ","0"," "," "," "," ","0","00262023CPLREITPE0010FESPUPE","Pregão eletrônico","2023NE002505"," "," ","0","Encerrado"," ","LEG00014/2024FESPUPE440702","CONCLUÍDO","0"," ","ENCERRADO"," "," ","null null, null- null- null, null- null, null","Fone: null. E-mail: null",365,22,3,2024,22,3,2025,"1","1"
239,10350,560,1352,86696.0,4744.0,56928.0,"192024","Dibasa Comércio e Serviços ","11.836.848/0001-71","Prestação de serviços de SERVIÇOS DE MANUTENÇÃO PREVENTIVA E CORRETIVA DE ELEVADORES, COM REPOSIÇÃO DE PEÇAS, para atender as necessidades do Bloco D da Reitoria da Universidade de Pernambuco como também do prédio do IIT (Instituto de Inovação Tecnológica da UPE), da Universidade de Pernambuco.","Serviço contínuo","Manutenção de elevador","Reitoria e IIT","00406110014255.000018/202391","0040610245.000009/202541","2024.0","2024/05/23 00:00:00.000","2026/05/22 00:00:00.000"," "," "," "," ","0"," "," "," ","0"," "," "," "," ","0","04922024CCDDL0009FESPUPE","Dispensa","2024NE000575","1º"," ","0","Em execução","14133/21"," 	LEG00019/2024FESPUPE440702","CONCLUÍDO","27/2024"," ","CONCLUÍDO"," "," ","null null, null- null- null, null- null, null","Fone: null. E-mail: null",729,23,5,2024,22,5,2026,"1","1"
240,10351,561,1353,251743.0,343286.0,4119432.0,"272025","RM T. e Gestão de Recursos Humanos ","11.022.597/000191","SERVICO DE PRESTACAO DE MAO DE OBRA  DO TIPO RECEPCIONISTA,NIVEL MEDIO COM CONHECIMENTO BASICO EM INFORMATICA, POSTO DE 44 HORAS SEMANAIS,TURNO DIURNO,SEGUNDA A SEXTA","Serviço com mão de obra","Recepcionista","Caruaru","00406110020517.000003/202560","0040610245.000126/202512","2025.0","2025/11/13 00:00:00.000","2026/11/13 00:00:00.000"," "," "," "," ","0"," "," "," ","0"," "," "," "," ","0","0609.2024.AC78.PE.0278.SAD","Ata ou contratos corporativos","2025NE002407"," "," ","0","Em execução","14133/21","LEG00061/2025FESPUPE440702","COM PENDÊNCIA","77/2025","ATUALIZADO","SEM CADASTRO","NÃO SE ENQUADRA","PUBLICADO","null null, null- null- null, null- null, null","Fone: null. E-mail: null",365,13,11,2025,13,11,2026,"2","2"
241,10352,562,1354,6409827.0,356568.0,4278816.0,"242023","Mapros","08.980.641/000161","Contratação direta da prestação de serviços de locação de 2 (dois) nobreaks, na Potência de 15kva para atender a necessidades do Datacenter da Diretoria de Tecnologia da Informação e  Comunicação da ReitoriaUPE","Serviço contínuo","Locação nobreaks","Reitoria","0040608340.000067/202382"," ","2023.0","2023/12/14 00:00:00.000","2026/12/14 00:00:00.000"," "," "," "," ","0"," "," "," ","0"," "," "," "," ","0","0095.2023.CCD.DL0065.FESPUPE","Dispensa ","2025NE000117
2025NE001636","1º","2º","0","Em execução","8666/93","LEG00060/2025FESPUPE440702","CONCLUÍDO","168/2023"," ","CONCLUÍDO"," "," ","null null, null- null- null, null- null, null","Fone: null. E-mail: null",1096,14,12,2023,14,12,2026,"2","2"
242,10353,563,1355,2337498.0,4425.0,2671851.0,"112020","Sec Nor Distribuidora de Publicacoes ","01.592.950/000115","CONTRATAÇÃO DE EMPRESA ESPECIALIZADA PRESTAÇÃO DE SERVIÇOS ADVOCATICIOS DE INFORMAÇÕES FORENSES, RELATIVO AO EXERCÍCIO DE 2025","Serviço contínuo","Informações forenses","UPE","0040608326.000064/202084","0040610245.000028/202577","2020.0","2020/08/27 00:00:00.000","2025/08/27 00:00:00.000","Não prorrogar"," "," "," ","0"," "," "," ","0"," "," "," "," ","0","0042.2020.CCD.DL.0023.FESPUPE","Dispensa","2024NE001911
2025NE000113
2025NE000468
2025NE002385"," "," ","0","Encerrado","8666/93","SEM CADASTRO","ENCERRADO SEM CADASTRO","101/2020","ATUALIZADO","SEM CADASTRO"," "," ","null null, null- null- null, null- null, null","Fone: null. E-mail: null",1826,27,8,2020,27,8,2025,"2","2"
243,10354,564,1356,1352173.0,8113014.0,9735617.0,"222025","FPS Prestadora de Serviços ","11.022.597/000191","Prestação de serviços de limpeza e conservação predial, com a disponibilização de mão de obra, produtos saneantes domissanitários referente a dois postos para atender as necessidades da do Campus Caruaru","Serviço com mão de obra","Limpeza predial","Caruaru","00406110014255.000044/202581","0040610245.000109/202577","2025.0","2025/10/29 00:00:00.000","2026/10/29 00:00:00.000"," "," "," "," ","0"," "," "," ","0"," "," "," "," ","0","0587.2024.AC63.PE.0268.SADUPE","Ata ou contratos corporativos","2025NE002676"," "," ","0","Em execução","14133/21","0","SEM CADASTRO","80/2025","ATUALIZADO","SEM CADASTRO","NÃO SE ENQUADRA","PUBLICADO","null null, null- null- null, null- null, null","Fone: null. E-mail: null",365,29,10,2025,29,10,2026,"2","2"
244,10355,565,1357,7296.0,0.0,65664.0,"202025","Outros","42.881.170/000172","Fornecimento de 540 garrafões de água mineral para o Campus Caruaru","Serviço contínuo","Fornecimento de água mineral","Caruaru","00406110020517.000001/202571","0040610245.000106/202533","2025.0","2025/10/17 00:00:00.000","2026/10/17 00:00:00.000"," "," "," "," ","0"," "," "," ","0"," "," "," "," ","0"," 3305.2024.CPL.REIT.PE.0064.FESPUPE","Ata ou contratos corporativos","2025NE002761"," "," ","0","Em execução","14133/21"," (LEG00046/2025FESPUPE44070)","CONCLUÍDO","107/2025","ATUALIZADO","NÃO SE ENQUADRA","NÃO SE ENQUADRA","PUBLICADO","null null, null- null- null, null- null, null","Fone: null. E-mail: null",365,17,10,2025,17,10,2026,"2","2"
245,10356,566,1358,3994938.0,134064.0,3994938.0,"392022","Asa Rent a Car Locacao de Veiculos ","07.005.206/000153","Locação anual de veículos administrativos, sem motorista, classificação VS1, com sistema de rastreamento e monitoramento incluso, com vistas a atender às necessidades da / Reitoria da UPE","Serviço contínuo","Locação de veículos","Reitoria","0040608353.000069/202241","0040610245.000003/202573","2022.0","2022/09/27 00:00:00.000","2025/03/27 00:00:00.000","Não prorrogar"," "," "," ","0"," "," "," ","0"," "," "," "," ","0","01162021CCPLEIIPE0103SAD","Pregão eletrônico","2024NE000184","2º"," ","1º","Encerrado","8666/93","SEM CADASTRO","ENCERRADO SEM CADASTRO","135/2022","ENCERRADO","ENCERRADO"," "," ","null null, null- null- null, null- null, null","Fone: null. E-mail: null",912,27,9,2022,27,3,2025,"2","1"
246,10357,567,1359,19999088.0,4012874.0,146784097.0,"182025","FWD Instalações ","21.332.764/000154","Prestação dos serviços de engenharia para implantação do Sistema de Prevenção e Combate a Incêndios (SPCI), Iluminação de emergência, Detecção e Alarme atendendo a Norma Regulamentadora NR 23 – Proteção Contra Incêndios e ao Código de Segurança Contra Incêndio e Pânico (COSCIP), do estado de PERNAMBUCO
LOTE 1  Unidades: ESEF, FENSG, FCM Sede, ICB Sede, FOP Clínicas – Campus Saúde  Rua Arnóbio Marques, nº310, Bairro Santo Amaro  RECIFEPE.","Serviço de engenharia ","Engenharia - obras","ESEF, FENSG, FCM, ICB e FOP","0040608361.000010/202505"," ","2025.0","2025/10/10 00:00:00.000","2026/06/07 00:00:00.000"," "," "," "," ","0"," "," "," ","0"," "," "," "," ","0","3945.2025.CPL UPE
EN.PE.0006.FESPUPE","Pregão eletrônico","2025NE002472"," "," ","0","Em execução"," ","0"," ","84/2025","COM PENDÊNCIA"," "," "," ","null null, null- null- null, null- null, null","Fone: null. E-mail: null",240,10,10,2025,7,6,2026,"2","1"
247,10358,553,1360,508517.0,0.0,45322253.0,"352025","Pearson Education do Brasil ","01.404.158/001838","Contratação de serviço de assinatura da base de dados de livros eletrônicos BIBLIOTECA VIRTUAL da PEARSON EDUCATION DO BRASIL LTDA, por meio de Inexigibilidade de licitação com fundamento no art. 74, inc. I da Lei nº 14.133/21, visando atender as necessidades do Núcleo de Gestão de Bibliotecas da UPE, conforme as condições, especificações, quantidades e exigências contidas neste Termo de Referência.","Serviço contínuo","Assinatura","UPE","0040608277.000059/202517"," ","2025.0","2025/12/16 00:00:00.000","2030/12/16 00:00:00.000"," "," "," "," ","0"," "," "," ","0"," "," "," "," ","0","4092.2025.CPL.REIT.IN.0022.FESPUPE","Inexigibilidade","2025NE004253 "," "," ","0","Em execução","14133/21","0","SEM CADASTRO","173/2025","COM PENDÊNCIA"," "," "," ","null null, null- null- null, null- null, null","Fone: null. E-mail: null",1826,16,12,2025,16,12,2030,"2","2"
248,10359,568,1361,14486772.0,12490829.0,13233876.0,"272024","H.A.P.L. Refrigeração e Serviços em Geral ","50.128.684/000180","Prestação dos serviços de manutenção preventiva e corretiva de aparelhos de arcondicionado da UPE, divididos em 04 (quatro) lotes distintos: 1º LOTE – UPE Reitoria; 2º LOTE – UPE Campus Caruaru; 3º LOTE – Instituto Confúcio da UPE; 4º LOTE  Instituto de Inovação Tecnológica (IIT) da UPE.","Serviço contínuo","Manutenção de ar-condicionado","Reitoria, IIT, IC e Caruaru","00406110014255.000017/202347","0040610245.000017/202597","2024.0","2024/11/12 00:00:00.000","2026/11/12 00:00:00.000","Prorrogar"," "," "," ","0"," "," "," ","0"," "," "," "," ","0","15812024CPLREITPE0023FESPUPE","Pregão eletrônico","2024NE002030"," "," ","0","Em execução","14133/21","LEG00008/2025FESPUPE440702","CONCLUÍDO","142/2024","ATUALIZADO","CONCLUÍDO","CONCLUÍDO"," ","null null, null- null- null, null- null, null","Fone: null. E-mail: null",730,12,11,2024,12,11,2026,"2","2"
249,10360,569,1362,82132674.0,1320661827.0,19789104166.0,"222024","Construtora Aurélio e Serviços "," 19.703.302/000154","execução das obras de Construção do Bloco de Salas de Aula e Administrativo para o EADPolo da UPE em Tabira","Serviço de engenharia ","Engenharia - obras","Tabira","0040608665.000102/202309"," ","2024.0","2024/07/31 00:00:00.000","2026/01/30 00:00:00.000","Prorrogar"," "," "," ","0"," "," "," ","0"," "," "," "," ","0","0234.2023.CPL.REIT.CE.0001.FESPUPE","Outros","2024NE001001
2024NE001572","3.0"," ","0","Em execução","14133/21","LEG00035/2025FESPUPE440702","CONCLUÍDO","6/2024","ATUALIZADO","COM PENDÊNCIA"," ","PUBLICADO","null null, null- null- null, null- null, null","Fone: null. E-mail: null",548,31,7,2024,30,1,2026,"2","1"
250,10361,570,1363,63400010.0,0.0,63400010.0,"142025","Philips Medical Systems ","58.295.213/002111","fornecimento de SISTEMAS DE HEMODINÂMICA","Equipamento","Hemodinâmica","Outros","0040609855.000023/202315"," ","2025.0","2025/01/14 00:00:00.000","2025/08/12 00:00:00.000"," "," "," "," ","0"," "," "," ","0"," "," "," "," ","0","0029.2023.CPL.REIT.PE.0011.FESPUPE","Pregão eletrônico","2024NE002508"," "," ","0","Encerrado","14133/21","LEG00036/2025FESPUPE440702","ENCERRADO - COM PENDÊNCIA","64/2024","COM PENDÊNCIA","SEM CADASTRO"," "," ","null null, null- null- null, null- null, null","Fone: null. E-mail: null",210,14,1,2025,12,8,2025,"1","2"
251,10362,571,1364,13560716.0,0.0,1351963.0,"292024","EP Engrenagem Produções e Serviços","04.614.627/000193","Constitui objeto do presente CONTRATO a execução do serviço comum de engenharia de reforma elétrica do “Bloco D” da Reitoria da UPE, Campus Recife/PE, nas condições estabelecidas no ANEXO I – TERMO DE REFERÊNCIA, ANEXO II – ESPECIFICAÇÕES TÉCNICAS DOS SERVIÇOS, ANEXO III – PLANILHA ORÇAMENTÁRIA SEM DESONERAÇÃO, ANEXO III – COTAÇÃO, ANEXO IV – CRONOGRAMA FÍSICOFINANCEIRO, ANEXO V – COMPOSIÇÃO DE PREÇOS, ANEXO VI – COMPOSIÇÃO DE BDI, ANEXO VII – ENCARGOS SOCIAIS, ANEXO VIII – PROJETOS, ANEXO IX – MEMÓRIA DE CÁLCULO, ANEXO X – ADMINISTRAÇÃO DA OBRA, na proposta da CONTRATADA e nos demais documentos constantes do processo relativo ao PREGÃO ELETRÔNICO Nº 0042.2024.","Serviço de engenharia ","Outros","Reitoria","0040608665.000029/202448","0040608361.000035/2025-09","2024.0","2024/12/13 00:00:00.000","2026/01/09 00:00:00.000"," "," "," "," ","0"," "," "," ","0"," "," "," "," ","0","2921.2024.CPL UPE EN.PE.0042.FESPUPE","Pregão eletrônico","2024NE002599","3º","3º","0","Encerrado","14133/21","LEG00025/2025FESPUPE440702","CONCLUÍDO","206/2024"," ","CONCLUÍDO"," "," ","null null, null- null- null, null- null, null","Fone: null. E-mail: null",392,13,12,2024,9,1,2026,"2","1"
252,10363,572,1365,1457358.0,18248882.0,218986579.0,"2142024","Águia Serviços de Vigilância ","11.516.861/000143","Prestação de serviço de VIGILÂNCIA ARMADA  para atender ao NOVO PRÉDIO DA FOP, localizado na Av. Norte, N° 80.","Serviço com mão de obra","Vigilância armada","FOP","0040608344.000082/202471","0040610245.000008/202504","2024.0","2025/07/10 00:00:00.000","2026/07/09 00:00:00.000"," "," "," "," ","0"," "," "," ","0"," "," "," "," ","0","01902022PREGIXPE0126SAD","Outros","2024NE002839","3°"," ","0","Em execução","8666/93","LEG00031/2025FESPUPE440702","SEM CADASTRO ADITIVO AO CONTRATO DE OUTRA UNIDADE","207/2024","ATUALIZADO","SEM CADASTRO","CONCLUÍDO"," ","null null, null- null- null, null- null, null","Fone: null. E-mail: null",364,10,7,2025,9,7,2026,"2","2"
253,10364,573,1366,2622308.0,5463141667.0,600000.0,"152021","Empresa B. de Correios e Telégrafos","34.028.316/002157","Contratação de produtos e serviços por meio de Pacote de Serviços dos CORREIOS mediante adesão ao Termo de Condições Comerciais e Anexos, quando contratados serviços específicos, que permite a compra de produtos e utilização dos diversos serviços dos CORREIOS por meio dos canais de atendimento disponibilizados.","Serviço contínuo","Correios","Reitoria","0040608353.000052/202022","0040610245.000045/202512","2021.0","2021/03/18 00:00:00.000","2026/03/17 00:00:00.000"," "," "," "," ","0"," "," "," ","0"," "," "," "," ","0","00602020CCDDL0035FESPUPE","Dispensa","2025NE000390"," "," ","0","Em execução","8666/93","LEG00063/2025FESPUPE440702","COM PENDÊNCIA","127/2020"," ","CONCLUÍDO"," "," ","null null, null- null- null, null- null, null","Fone: null. E-mail: null",1825,18,3,2021,17,3,2026,"1","1"
254,10365,574,1367,8397577.0,0.0,14049999.0,"122025","Navera Engenharia ","33.358.693/000148","Contratação de empresa de engenharia para execução dos SERVIÇOS DE IMPERMEABILIZAÇÃO DA COBERTA E REFORMA DAS SALAS 02 E 04 DO PRIMEIRO ANDAR DO ANEXO DO INSTITUTO CONFÚCIO","Serviço de engenharia ","Outros","IC","0040610020.000010/202429"," ","2025.0","2025/07/17 00:00:00.000","2026/07/17 00:00:00.000"," "," "," "," ","0"," "," "," ","0"," "," "," "," ","0","1731.2024.CPL UPE EN.PE.0035.FESPUPE","Pregão eletrônico","2025NE000746"," "," ","0","Em execução","14133/21","LEG00039/2025FESPUPE440702","CONCLUÍDO","12/2025"," ","SEM CADASTRO"," "," ","null null, null- null- null, null- null, null","Fone: null. E-mail: null",365,17,7,2025,17,7,2026,"2","2"
254,10366,575,1368,16786246.0,0.0,74482731.0,"132025","WC Viagens e Turismo ","13.480.254/000104","Prestação de serviços de reserva, emissão e entrega de bilhetes
aéreos para viagens nacionais e internacionais e demais serviços correlatos","Serviço contínuo","Passagens aéreas","Reitoria","0040608352.000019/202517"," ","2025.0","2025/07/17 00:00:00.000","2026/07/17 00:00:00.000"," "," "," "," ","0"," "," "," ","0"," "," "," "," ","0","3391.2024.AC03.PE.0819.SAD","Pregão eletrônico","2025NE001963 "," "," ","0","Em execução","14133/21","LEG00040/2025FESPUPE440702","CONCLUÍDO","43/2025"," ","SEM CADASTRO"," "," ","null null, null- null- null, null- null, null","Fone: null. E-mail: null",365,17,7,2025,17,7,2026,"2","2"
255,10367,576,1369,526000.0,0.0,526000.0,"262025","Outros","11.022.597/000191","ELETROCARDIOGRAFO  PORTATIL","Equipamento","Eletrocardiógrafo","Outros","0040609855.000003/202425"," ","2025.0","2025/11/12 00:00:00.000","2026/11/12 00:00:00.000"," "," "," "," ","0"," "," "," ","0"," "," "," "," ","0","0266.2024.CPL.REIT.PE.0003.FESPUPE","Pregão eletrônico","2025NE001287"," "," ","0","Em execução","14133/21","LEG00058/2025FESPUPE440702","COM PENDÊNCIA","14/2025","ATUALIZADO","CONCLUÍDO","SEM CADASTRO","PUBLICADO","null null, null- null- null, null- null, null","Fone: null. E-mail: null",365,12,11,2025,12,11,2026,"2","2"
256,10368,577,1370,11815973.0,0.0,16721964.0,"242024","Outros","10.921.252/000107","Prestação de serviços de digitalização de documentos, contemplando preparação, organização, traslado e armazenamento de documentos físicos e digitais, realização de gestão, incluindo a definição de rotinas de busca e recuperação dos documentos armazenados fisicamente, para atender as necessidades da Universidade de Pernambuco","Serviço contínuo","Digitalização","UPE","0040608313.000054/202411"," ","2024.0","2024/08/15 00:00:00.000","2026/08/14 00:00:00.000","Prorrogar"," "," "," ","0"," "," "," ","0"," "," "," "," ","0","00482023AC22IN0005SAD","Inexigibilidade","2025NE002847","1º"," ","0","Em execução","8666/93","LEG00005/2025-FESP-UPE-440702","COM PENDÊNCIA","83/2024","ATUALIZADO","CONCLUÍDO"," "," ","null null, null- null- null, null- null, null","Fone: null. E-mail: null",729,15,8,2024,14,8,2026,"2","2"
257,10369,578,1371,34474944.0,0.0,34474944.0,"232024","Minha Biblioteca ","13.183.749/000163","Contratação de assinatura anual (licença de uso) de biblioteca digital (base de dados) de livros eletrônicos (ebooks) MINHA BIBLIOTECA","Serviço contínuo","Assinatura","UPE","0040608277.000045/202323"," ","2024.0","2024/08/02 00:00:00.000","2026/08/02 00:00:00.000"," "," "," "," ","0"," "," "," ","0"," "," "," "," ","0","01802024CPLREITIN0005FESPUPE","Inexigibilidade","2024NE000962","1º"," ","0","Em execução","14133/21","LEG00004/2025FESPUPE440702","CONCLUÍDO","36/2024"," ","CONCLUÍDO","COM PENDÊNCIA"," ","null null, null- null- null, null- null, null","Fone: null. E-mail: null",730,2,8,2024,2,8,2026,"2","2"
258,10370,579,1372,120528.0,0.0,120528.0,"172025","MBM Seguradora","87.883.807/000106","Prestação de serviços de Cobertura Securitária Seguro de Vida em Grupo e Contra Acidentes Pessoais Coletivos para os estudantes com estágios obrigatórios da Universidade de Pernambuco  Campus Caruaru","Serviço contínuo","Seguro","Caruaru","0040610063.000004/202556","0040610063.000004/202556","2025.0","2025/09/23 00:00:00.000","2026/09/23 00:00:00.000"," "," "," "," ","0"," "," "," ","0"," "," "," "," ","0","3961.2025.CCD UPE.DL.0009.FESPUPE","Dispensa","2125NE001447"," "," ","0","Em execução","14133/21","LEG00045/2025FESPUPE440702","COM PENDÊNCIA","24/2025","ATUALIZADO","CONCLUÍDO","NÃO SE ENQUADRA","PUBLICADO","null null, null- null- null, null- null, null","Fone: null. E-mail: null",365,23,9,2025,23,9,2026,"2","2"
255,10371,580,1373,5400000.0,0.0,5400000.0,"252025","Getinge do Brasil ","06.028.137/000211","BALAO INTRAAORTICO","Equipamento","Balão intra-aórtico","Outros","0040609855.000003/202425"," ","2025.0","2025/11/12 00:00:00.000","2026/11/12 00:00:00.000"," "," "," "," ","0"," "," "," ","0"," "," "," "," ","0","0266.2024.CPL.REIT.PE.0003.FESPUPE","Pregão eletrônico","2025NE002294/ 2025NE002295 "," "," ","0","Em execução","14133/21","LEG00059/2025FESPUPE440702","COM PENDÊNCIA","15/2025","ATUALIZADO","SEM CADASTRO","SEM CADASTRO","PUBLICADO","null null, null- null- null, null- null, null","Fone: null. E-mail: null",365,12,11,2025,12,11,2026,"2","2"
259,10372,581,1374,6777776.0,327447.0,3929364.0,"182023","JMF Construções e Serviços Terceirizados ","10.624.354/000160","Prestação de Serviços de copeiragem par atender a Reitoria da UPE.","Serviço com mão de obra","Copeira","Reitoria","0040608353.000066/202399","0040610245.000018/202531","2023.0","2023/09/05 00:00:00.000","2026/09/05 00:00:00.000","Prorrogar"," "," "," ","0"," "," "," ","0"," "," "," "," ","0","02012022PREGVPE0134SAD","Pregão eletrônico","2024NE002243","2º"," ","0","Em execução","8666/93","LEG00057/2025FESPUPE440702","CONCLUÍDO","145/2023"," ","CONCLUÍDO"," "," ","null null, null- null- null, null- null, null","Fone: null. E-mail: null",1096,5,9,2023,5,9,2026,"2","2"
260,10373,582,1375,4965375.0,198615.0,595845.0,"052025","ABS Transportes e Turismo","02.355.633/0001-48","Contratação emergencial para a prestação de Serviço de Locação de 03 (três) Veículos, por meio de Dispensa Eletrônica de Licitação com fundamento no art. 75, inc. VIII da Lei nº 14.133/21, visando atender as necessidades da Reitoria da Universidade de Pernambuco, pelo período de até 03 (três) meses","Serviço contínuo","Locação de veículos","Reitoria","00406110014255.000027/202544","0040610245.000069/202563","2025.0","2025/04/15 00:00:00.000","2025/06/11 00:00:00.000","Não prorrogar"," "," "," ","0"," "," "," ","0"," "," "," "," ","0","39502025CCDUPECD0001FESPUPE","Dispensa ","2025NE000629
2025NE001536"," "," ","0","Encerrado","14133/21","LEG00021/2025FESPUPE440702","ENCERRADO","19/2025"," ","ENCERRADO"," "," ","null null, null- null- null, null- null, null","Fone: null. E-mail: null",57,15,4,2025,11,6,2025,"1","1"
261,10374,583,1376,187100.0,0.0,187100.0,"412025","Outros","87.140.307/000176","Contratação da assinatura da base de dados WebDewey, da Online Computer Library Center (OCLC) por meio de Inexigibilidade de licitação com fundamento no art. 74, inc. I da Lei nº 14.133/21, visando atender as necessidades do Núcleo de Gestão de Bibliotecas da UPE","Serviço contínuo","Assinatura","Reitoria","0040608277.000043/202504"," ","2025.0","2025/12/17 00:00:00.000","2030/12/17 00:00:00.000"," "," "," "," ","0"," "," "," ","0"," "," "," "," ","0","3993.2025.CCD UPE.DL.0004.FESPUPE","Inexigibilidade","2025NE002406"," "," ","0","Em execução","14133/21","0","SEM CADASTRO","64/2025","ATUALIZADO"," "," "," ","null null, null- null- null, null- null, null","Fone: null. E-mail: null",1826,17,12,2025,17,12,2030,"2","2"
262,10375,584,1377,0.0,117917254.0,1415007048.0,"312025","Outros","13.258.693/0001-69","Constitui objeto do presente CONTRATO a prestação de serviços de Controle, Operação e Fiscalização de Portarias (dois postos) para atender as demandas da Reitoria da UPE, a serem  executados com regime de dedicação exclusiva de mão de obra, nas condições estabelecidas no
Termo de Referência, na proposta da CONTRATADA e nos demais documentos constantes do processo administrativo em epígrafe","Serviço com mão de obra","Porteiro","Reitoria","00406110014255.000065/2025-05","0040610245.000065/2026-66","2025.0","2025/12/01 00:00:00.000","2026/12/01 00:00:00.000"," "," "," "," ","0"," "," "," ","0"," "," "," "," ","0","ARPC.0007.00.2025.GOV.SAD.PE","Ata ou contratos corporativos","2025NE003854  2026NE000015"," "," ","0","Em execução","14133/21","CT00002/2026-FESP-UPE-440702","CONCLUÍDO","209/2025"," "," "," "," ","null null, null- null- null, null- null, null","Fone: null. E-mail: null",365,1,12,2025,1,12,2026,"2","2"
174,10376,585,1378,50646472.0,0.0,13056472.0,"462022","Ebsco Brasil ","42.356.782/000146","Assinatura da base de evidências médicas DynaMed, da EBSCO, para atendimento aos servidores, alunos, professores e médicos da Universidade de Pernambuco.","Serviço contínuo","Assinatura","UPE","0040608277.000027/202261"," ","2022.0","2024/11/03 00:00:00.000","2026/11/03 00:00:00.000","Prorrogar"," "," "," ","0"," "," "," ","0"," "," "," "," ","0","01062022CPLREITIN0032FESPUPE","Inexigibilidade","2024NE002942","3º","3º","0","Em execução","8666/93","LEG00033/2025FESPUPE440702","ENCERRADO CONCLUÍDO","178/2022"," ","CONCLUÍDO","CONCLUÍDO"," ","null null, null- null- null, null- null, null","Fone: null. E-mail: null",730,3,11,2024,3,11,2026,"2","2"
263,10377,586,1379,93937383.0,0.0,93937383.0,"032025","Siemens Healthcare Diagnosticos","01.449.930/000602","Fornecimento de aparelho de RESSONÂNCIA MAGNÉTICA e
aparelho de TOMOGRAFIA COMPUTADORIZADA POR RAIOS X","Equipamento","Ressonância magnética e tomógrafo","Outros","0040609855.000023/202315"," ","2025.0","2025/01/15 00:00:00.000","2025/08/13 00:00:00.000"," "," "," "," ","0"," "," "," ","0"," "," "," "," ","0","0029.2023.CPL.REIT.PE.0011.FESPUPE","Pregão eletrônico","
2024NE002506"," "," ","0","Em execução","14133/21","LEG00020/2025FESPUPE440702","ENCERRADO - COM PENDÊNCIA","63/2024"," ","ENCERRADO"," "," ","null null, null- null- null, null- null, null","Fone: null. E-mail: null",210,15,1,2025,13,8,2025,"1","2"
264,10378,587,1380,1036950.0,38750.0,465000.0,"332024","CASP Soluções Informática ","16.694.290/000150","Prestação de serviços de desenvolvimento, manutenção corretiva e evolutiva, testes, documentação, integração e implantação de sistemas nos ambientes de desenvolvimento, homologação e produção, em multiplataforma de desenvolvimento e banco de dados","Serviço contínuo","Sistemas e softwares","UPE","0040608339.000024/202417"," ","2024.0","2024/12/19 00:00:00.000","2026/12/19 00:00:00.000"," "," "," "," ","0"," "," "," ","0"," "," "," "," ","0","32862024CCDDL0090FESPUPE","Dispensa","2024NE002944","1º"," ","0","Em execução","14133/21","LEG00014/2025FESPUPE440702","CONCLUÍDO","235/2024","ATUALIZADO","CONCLUÍDO","CONCLUÍDO"," ","null null, null- null- null, null- null, null","Fone: null. E-mail: null",730,19,12,2024,19,12,2026,"2","2"
265,10379,588,1381,1979799.0,481656.0,5954472.0,"232021","Maranata P. de Serviços e Construções ","03.325.436/000149","Prestação de serviços de motorista e diárias para atender as necessidades da Reitoria da UPE","Serviço com mão de obra","Motorista","Reitoria","0040608353.000040/202189","0040610245.000019/202586","2021.0","2021/06/01 00:00:00.000","2025/05/31 00:00:00.000","Não prorrogar"," "," "," ","0"," "," "," ","0"," "," "," "," ","0","02092019CCPLEVIPE0147SAD","Pregão eletrônico","2024NE000080","3º"," ","1°","Encerrado","8666/93","SEM CADASTRO","ENCERRADO SEM CADASTRO","47/2021"," ","ENCERRADO"," "," ","null null, null- null- null, null- null, null","Fone: null. E-mail: null",1460,1,6,2021,31,5,2025,"1","1"
266,10380,589,1382,1972406.0,0.0,1972406.0,"312024","Outros","03.508.097/000136","Prestação de serviço especializado de consultoria em TIC, consistente na estruturação de um Programa de Governança em Privacidade específico para a Contratante, a fim de permitir sua adequação à Leri Geral de Proteção de Dados  LGPD","Serviço contínuo","Consultoria especializada","Reitoria","0040610185.000009/202411"," ","2024.0","2024/12/18 00:00:00.000","2025/12/18 00:00:00.000","Não prorrogar"," "," "," ","0"," "," "," ","0"," "," "," "," ","0","32022024CPLREITDL0079FESPUPE","Dispensa","2024NE002722"," "," ","0","Em execução","14133/21","LEG00012/2025FESPUPE440702","COM PENDÊNCIA","216/2024"," ","CONCLUÍDO","CONCLUÍDO"," ","null null, null- null- null, null- null, null","Fone: null. E-mail: null",365,18,12,2024,18,12,2025,"2","2"
267,10381,590,1383,436241811.0,23599011.0,275188132.0,"182024","Máxxima Empreendimentos ","07.534.634/000173","SERVICO DE LOCACAO DE IMOVEL  TIPO PREDIO,LOCALIZADO NO BAIRRO DE SANTO AMARO, CIDADE RECIFE,COM AREA CONSTRUIDA DE 8.900,01 A 9.000,00M2.","Serviço contínuo","Locação de imóvel","FOP","0040608284.000252/202399 ","0040610246.000003/202563","2024.0","2024/10/01 00:00:00.000","2029/10/01 00:00:00.000"," "," "," "," ","0"," "," "," ","0"," "," "," "," ","0","02442024CPLREITIN0001FESPUPE","Inexigibilidade","2025NE000319","2º"," ","0","Em execução","14133/21","LEG00018/2024FESPUPE440702","CONCLUÍDO","3/2024","ATUALIZADO","CONCLUÍDO"," "," ","null null, null- null- null, null- null, null","Fone: null. E-mail: null",1826,1,10,2024,1,10,2029,"2","2"
268,10382,591,1384,87540196.0,0.0,4919996466.0,"622022","CEPE","10.921.252/000107","Prestação de serviços de publicação de editais, avisos, extratos de contratos e convênios e demais atos administrativos, no Diário Oficial do Estado de Pernambuco (DOE), para atender necessidades da Reitoria da UPE","Serviço contínuo","Publicação no DOE","Reitoria","0040608353000074/202254","0040610245.000006/202515","2022.0","2022/12/12 00:00:00.000","2026/12/12 00:00:00.000"," "," "," "," ","0"," "," "," ","0"," "," "," "," ","0","01352022CCPLEIIIN0014SAD","Inexigibilidade","2024NE000075","3º"," ","0","Em execução","8666/93","LEG00050/2025FESPUPE440702","CONCLUÍDO","228/2022","ATUALIZADO","CONCLUÍDO","NÃO SE ENQUADRA","PUBLICADO","null null, null- null- null, null- null, null","Fone: null. E-mail: null",1461,12,12,2022,12,12,2026,"2","2"
269,10383,592,1385,10040636.0,30236.0,362832.0,"212022","Prosel T. Limpeza e Construção","37.548.251/0001-34","Prestação de serviços de Limpeza e Conservação Predial, visando à obtenção de adequadas condições de salubridade e higiene, com a disponibilização de mão de obra, produtos saneantes domissanitários, materiais e equipamentos para atender o Instituto Confúcio/ UPE.","Serviço com mão de obra","Limpeza predial","IC","0040608353.000069/202161
0040610020.000006/202461","0040610020.000007/202596","2022.0","2022/05/10 00:00:00.000","2026/05/09 00:00:00.000"," "," "," "," ","0"," "," "," ","0"," "," "," "," ","0","01682021CCPLEVPE0144SADFESPUPE","Pregão eletrônico","2024NE002124","3º"," ","2º","Em execução","8666/93","LEG00042/2025FESPUPE440702","CONCLUÍDO","27/2022"," ","CONCLUÍDO"," "," ","null null, null- null- null, null- null, null","Fone: null. E-mail: null",1460,10,5,2022,9,5,2026,"1","1"
270,10384,593,1386,535268.0,353392.0,8481408.0,"102023","RM T. e Gestão de Recursos Humanos ","05.465.222/000101","Prestação de serviço de mão de obra – do tipo recepcionista, nível médio com conhecimento básico em informática, posto de 44 horas semanais, turno diurno, segunda a sextafeira, para atender a Reitoria da UPE","Serviço com mão de obra","Recepcionista","Reitoria","0040608353.000062/202319","0040610245.000027/202522","2023.0","2023/07/26 00:00:00.000","2026/07/26 00:00:00.000","Prorrogar"," "," "," ","0"," "," "," ","0"," "," "," "," ","0","01272022PREGVPE0088SAD","Pregão eletrônico","2024NE000078","2º"," ","1º","Em execução","8666/93","LEG00053/2025FESPUPE440702","CONCLUÍDO","110/2023","ATUALIZADO","CONCLUÍDO"," "," ","null null, null- null- null, null- null, null","Fone: null. E-mail: null",1096,26,7,2023,26,7,2026,"2","2"
271,10385,594,1387,128100.0,0.0,128100.0,"072025","MCR Sistemas e Consultoria ","04.198.254/000117","Fornecimento de licenças de software do tipo “AutoCAD LT”, com cessão para uso válida por 12 (doze) meses.","Serviço contínuo","Licenças","Reitoria","0040608665.000025/202541"," ","2025.0","2025/05/19 00:00:00.000","2026/05/19 00:00:00.000"," "," "," "," ","0"," "," "," ","0"," "," "," "," ","0","3947.2025.CCDUPE.DL.0005.FESPUPE","Dispensa ","2025NE000669"," "," ","0","Em execução","14133/21","LEG00024/2025FESPUPE440702","CONCLUÍDO","20/2025"," ","CONCLUÍDO"," "," ","null null, null- null- null, null- null, null","Fone: null. E-mail: null",365,19,5,2025,19,5,2026,"1","1"
272,10386,595,1388,3671635.0,348573.0,4182876.0,"012025","Servitium ","00.558.943/000134","Prestação de serviços de jardinagem, a serem executados com regime de dedicação exclusiva de mão de obra","Serviço com mão de obra","Jardineiro","Reitoria","00406110014255.000068/2024-50","0040610245.000046/202559","2025.0","2025/01/03 00:00:00.000","2026/01/03 00:00:00.000","Não prorrogar"," "," "," ","0"," "," "," ","0"," "," "," "," ","0","06122024AC14PE0281SAD","Ata de registro de preço ","2024NE002996"," "," ","0","Em execução","14133/21","LEG00017/2025FESPUPE440702","CONCLUÍDO","250/2024"," ","CONCLUÍDO","CONCLUÍDO"," ","null null, null- null- null, null- null, null","Fone: null. E-mail: null",365,3,1,2025,3,1,2026,"1","1"
273,10387,596,1389,6188388.0,0.0,43090488.0,"242025","Lexon S. & Construtora Empreendimentos","07.191.777/000120","Contratação de empresa de engenharia para execução da Construção de muro, alambrado, guarita, abrigo de lixo e urbanização do Polo da UPE em Tabira.","Serviço de engenharia ","Engenharia - obras","Tabira","0040608665.000033/202597"," ","2025.0","2025/11/07 00:00:00.000","2026/11/02 00:00:00.000"," "," "," "," ","0"," "," "," ","0"," "," "," "," ","0"," 3957.2025.CPL UPE EN.CE.0004.FESPUPE","Pregão eletrônico","2025NE002323"," "," ","0","Em execução","14133/21","0"," ","067/2025","ATUALIZADO","SEM CADASTRO"," ","PUBLICADO","null null, null- null- null, null- null, null","Fone: null. E-mail: null",360,7,11,2025,2,11,2026,"2","2"
274,10388,597,1390,195614.0,1025417.0,12305004.0,"092024","Outros","76.659.820/004653","Prestação do serviço de manutenção e suporte técnico do software PERGAMUM para atender o Núcleo de Gestão de Bibliotecas e Documentação (NBID)","Serviço contínuo","Sistemas e softwares","Reitoria","0040608277.000038/202321"," ","2024.0","2024/02/21 00:00:00.000","2029/02/21 00:00:00.000"," "," "," "," ","0"," "," "," ","0"," "," "," "," ","0","01282023CCDIN0018FESPUPE","Inexigibilidade","2024NE000363"," "," ","0","Em execução","14133/21","LEG00027/2025FESPUPE440702","CONCLUÍDO","236/2023"," ","CONCLUÍDO"," "," ","null null, null- null- null, null- null, null","Fone: null. E-mail: null",1827,21,2,2024,21,2,2029,"1","1"
275,10389,598,1391,5990000.0,0.0,9571000.0,"592022","Approach Tecnologia ","24.376.542/000121","contratação de empresa especializada parafornecimento de materiais (elementos de hardware e software) e serviços para a implantação de solução de hiperconvergência para atender ao NCTI Reitoria da UPE","Serviço contínuo","Sistemas e softwares","Reitoria","0040608340.000122/202253","
","2022.0","2022/12/22 00:00:00.000","2025/12/22 00:00:00.000"," "," "," "," ","0"," "," "," ","0"," "," "," "," ","0","000782411.2021.6.15.8000","Pregão eletrônico","2022NE002242
2022NE002243"," "," ","0","Em execução"," ","LEG00062/2025FESPUPE440702","COM PENDÊNCIA","219/2022"," ","CONCLUÍDO"," "," ","null null, null- null- null, null- null, null","Fone: null. E-mail: null",1096,22,12,2022,22,12,2025,"2","2"
276,10390,599,1392,5400000.0,0.0,5400000.0,"322025","Getinge do Brasil Equipamentos Medicos ","06.028.137/000211"," AQUISIÇÃO DE BALÃOINTRAAÓRTICO, BATERIA, MALETA, CILINDRO, KIT.SIMULADOR P/
ATENDER O PROCAPE/UPE, COM RECURSOS DO CONVÊNIO 943902/2023 ","Equipamento","Balão intra-aórtico","Outros","0040609855.000002/202481"," ","2025.0","2025/12/04 00:00:00.000","2026/12/04 00:00:00.000"," "," "," "," ","0"," "," "," ","0"," "," "," "," ","0","0269.2024.CPL.REIT.PE.0006.FESPUPE","Pregão eletrônico","2025NE002309 2025NE002310"," "," ","0","Em execução","14133/21","CT00006/2025FESPUPE440702","COM PENDÊNCIA","157/2024","ATUALIZADO"," ","SEM CADASTRO","PUBLICADO","null null, null- null- null, null- null, null","Fone: null. E-mail: null",365,4,12,2025,4,12,2026,"2","2"
277,10391,572,1393,56688305.0,1828655.0,2194386.0,"212023","Águia Serviços de Vigilância ","11.516.861/000143","Prestação de serviços Vigilância Armada posto de 24 horas diárias, de segunda a domingo, visando atender as necessidades, sendo 1 (um) posto para Instituto de Inovação Tecnológica da UPE e 1 (um) posto para o Instituto Confúcio","Serviço com mão de obra","Vigilância armada","IIT e IC","0040610019.000003/202385","0040608353.000001/202513","2023.0","2023/11/01 00:00:00.000","2026/11/01 00:00:00.000","Prorrogar"," "," "," ","0"," "," "," ","0"," "," "," "," ","0","01902022PREGIXPE0126SAD","Pregão eletrônico","2024NE000051","2º"," ","0","Em execução","8666/93","LEG00054/2025FESPUPE440702","CONCLUÍDO","187/2023","ATUALIZADO","CONCLUÍDO","NÃO SE ENQUADRA"," ","null null, null- null- null, null- null, null","Fone: null. E-mail: null",1096,1,11,2023,1,11,2026,"2","2"
278,10392,600,1394,256776929.0,4557539.0,109380936.0,"862019","Polo Comercial de Caruaru ","05.970.676/000121","Locação de imóvel correspondente a uma área de 1.457m2, inserida no empreendimento Polo Comercial de Caruaru, localizado na BR 104, Km62, Nova Caruaru.","Serviço contínuo","Locação de imóvel","Caruaru","96164177/2018","0040610245.000042/202571","2019.0","2019/10/01 00:00:00.000","2026/10/01 00:00:00.000"," "," "," "," ","0"," "," "," ","0"," "," "," ","PE","0","00862019CPLREITDL0045FESPUPE","Dispensa","2024NE003008","1º"," ","0","Em execução"," ","LEG00055/2025FESPUPE440702","CONCLUÍDO","118/2019"," ","SEM CADASTRO"," "," ","null null, null- null- null, null- PE, null","Fone: null. E-mail: null",2557,1,10,2019,1,10,2026,"2","2"
279,10393,601,1395,2051592.0,6480983.0,77771796.0,"402022","Elenet Servicos Tecnicos ","09.502.112/000115","Contratação de empresa especializada para prestação de serviços de manutenção preventiva e corretiva, de grupo gerador, instalado na Reitoria da Universidade de Pernambuco","Serviço contínuo","Manutenção de gerador","Reitoria","0040608353.000034/202211","0040610245.000012/202564","2022.0","2022/06/01 00:00:00.000","2026/06/01 00:00:00.000"," "," "," "," ","0"," "," "," ","0"," "," "," "," ","0","00202022CCDIN0007FESPUPE","Dispensa","2024NE001109","3º"," ","1º","Em execução","8666/93","LEG00030/2025FESPUPE440702","CONCLUÍDO","30/2022"," ","CONCLUÍDO"," "," ","null null, null- null- null, null- null, null","Fone: null. E-mail: null",1461,1,6,2022,1,6,2026,"1","1"
280,10394,602,1396,726000.0,0.0,726000.0,"022024","Safe S. a Vida e Comercio Internacional ","08.675.394/0001-90","O fornecimento de UM APARELHO DE ANESTESIA – montado sobre carro móvel para atender o Pronto Socorro Cardiológico Universitário da Universidade de Pernambuco (PROCAPE/UPE).","Equipamento","Anestesia","Outros","0040607174.000269/202169"," ","2024.0","2024/01/15 00:00:00.000","2025/01/15 00:00:00.000","Não prorrogar"," "," "," ","0"," "," "," ","0"," "," "," "," ","0","0032022CPLREITPE0003FESPUPE","Pregão eletrônico","2023NE002338"," "," ","0","Encerrado","8666/93","SEM CADASTRO","ENCERRADO SEM CADASTRO","0"," ","ENCERRADO","CONCLUÍDO"," ","null null, null- null- null, null- null, null","Fone: null. E-mail: null",366,15,1,2024,15,1,2025,"1","1"
281,10395,603,1397,4170994.0,0.0,3450000.0,"332025","Onze Construções ","14.877.395/000110","Execução da reforma das cobertas dos blocos ""C"" e ""D"" da Reitoria da Universidade de Pernambuco – UPE","Serviço de engenharia ","Outros","Reitoria","0040608361.000050/202549"," ","2025.0","2025/12/10 00:00:00.000","2026/08/07 00:00:00.000"," "," "," "," ","0"," "," "," ","0"," "," "," "," ","0","4058.2025.CPL UPE EN.PE.0042.FESPUPE","Pregão eletrônico","2025NE003855"," "," ","0","Em execução","14133/21","0","SEM CADASTRO","185/2025","COM PENDÊNCIA"," "," "," ","null null, null- null- null, null- null, null","Fone: null. E-mail: null",240,10,12,2025,7,8,2026,"2","2"
282,10396,604,1398,0.0,0.0,1239000.0,"42026","GE H. do B. C. e S. para Equipamentos Medico","00.029.372/000221","ECOCARDIOGRAFO  EQUIPAMENTO DIGITAL, IMAGEM DE ALTA DEFINICAO,OPCOES DE CRIACOES DE PROTOCOLOS,DEMAIS INFORMACOES EM EDITAL,ASSISTENCIA TECNICA EM PERNAMBUCO, GARANTIA MINIMA DE 1 ANO, REGISTRO NA ANVISAMarca:NENHUMA MARCA REGISTRADA","Equipamento","Ecocardiógrafo","Outros","0040609855.000005/202414"," ","2026.0","2026/01/22 00:00:00.000","2027/01/22 00:00:00.000"," "," "," "," ","0"," "," "," ","0"," "," "," "," ","0","0243.2024.CPL.REIT.PE.0001.FESPUPE","Pregão eletrônico","2025NE001280
2025NE001281"," "," ","0","Em execução","14133/21","CT00013/2026-FESP-UPE-440702","COM PENDÊNCIA","237/2024","ATUALIZADO","CONCLUÍDO","SEM CADASTRO","PUBLICADO","null null, null- null- null, null- null, null","Fone: null. E-mail: null",365,22,1,2026,22,1,2027,"1","1"
235,10397,591,1399,8404346.0,1248787.0,1498544.0,"352024","CEPE","10.921.252/000107","Serviços de digitalização dos dossiês dos servidores necessidades da PróReitoria de Desenvolvimento de Pessoas (PRODEP) da Universidade de Pernambuco","Serviço contínuo","Digitalização","Reitoria","0040608270.000179/202495","0040610245.000054/202503","2024.0","2024/12/18 00:00:00.000","2025/12/18 00:00:00.000"," "," "," "," ","0"," "," "," ","0"," "," "," "," ","0","15582024AC12IN0157SAD","Inexigibilidade","2024NE002464"," "," ","0","Em execução","14133/21","	LEG00023/2025FESPUPE440702","CONCLUÍDO","174/2024"," ","CONCLUÍDO","CONCLUÍDO"," ","null null, null- null- null, null- null, null","Fone: null. E-mail: null",365,18,12,2024,18,12,2025,"2","2"
283,10398,605,1400,15986448.0,0.0,15986448.0,"302024","Gestão de T. em S. S. e A. de Mão de Obra","11.457.039/000159","Prestação de serviços de Manutenção Predial, preventiva e corretiva, com disponibilização de equipamentos, ferramentas e utensílios, sem reposição e substituição de peças.","Serviço com mão de obra","Manutenção predial","FOP","0040608344.000092/202415","0040610245.000041/202526","2024.0","2024/12/17 00:00:00.000","2025/12/17 00:00:00.000","Não prorrogar"," "," "," ","0"," "," "," ","0"," "," "," "," ","0","00622023PREGXIVPE0049SAD","Pregão eletrônico","2024NE002859"," "," ","0","Em execução","8666/93","LEG00011/2025FESPUPE440702","CONCLUÍDO","214/2024"," ","CONCLUÍDO","CONCLUÍDO"," ","null null, null- null- null, null- null, null","Fone: null. E-mail: null",365,17,12,2024,17,12,2025,"2","2"
284,10399,606,1401,549000.0,0.0,549000.0,"062025","G S de Paula Fireware Digital","50.388.009/000190","Prestação de serviços de manutenção e desenvolvimento de novas funcionalidades no sistema de software SAPIENS, visando atender as necessidades da Universidade de Pernambuco.","Serviço contínuo","Sistemas e softwares","UPE","0040608319.000037/202424"," ","2025.0","2025/01/14 00:00:00.000","2025/10/14 00:00:00.000"," "," "," "," ","0"," "," "," ","0"," "," "," "," ","0","3076.2024.CPL.REIT.PE.0053.FESPUPE","Pregão eletrônico","2024NE003019
2024NE003015"," "," ","0","Em execução","14133/21","LEG00022/2025FESPUPE440702","CONCLUÍDO","248/2024"," ","ENCERRADO"," "," ","null null, null- null- null, null- null, null","Fone: null. E-mail: null",273,14,1,2025,14,10,2025,"1","2"
285,10400,607,1402,3257676.0,191628.0,2299536.0,"112024","TK Elevadores Brasil ","90.347.840/0008-94","Prestação de serviços de manutenção preventiva e corretiva, com reposição de peças novas, nos elevadores instalados no Bloco B e C da Reitoria da Universidade de Pernambuco, pelo período de 12 (doze) meses.","Serviço contínuo","Manutenção de elevador","Reitoria","00406110014255.000019/202336","0040610245.000031/202591","2024.0","2024/01/30 00:00:00.000","2027/01/31 00:00:00.000"," "," "," "," ","0"," "," "," ","0"," "," "," "," ","0","00432023CCDIN0007FESPUPE","Inexigibilidade","2024NE000418","2.0"," ","0","Em execução","8666/93","LEG00028/2025FESPUPE440702","CONCLUÍDO","82/2023"," ","CONCLUÍDO"," "," ","null null, null- null- null, null- null, null","Fone: null. E-mail: null",1097,30,1,2024,31,1,2027,"1","1"
286,10401,608,1403,18927908.0,102741.0,1232892.0,"082023","Toppus Serviços Terceirizados ","92.81.162/000110","Prestação de serviços de motoristas, mediante a disponibilização de profissionais devidamente habilitados nas categorias “B”, “C” e “D”, para atender as demandas da Reitoria da UPE","Serviço com mão de obra","Motorista","Reitoria","0040608353.000047/202362","0040610245.000034/202524","2023.0","2023/06/20 00:00:00.000","2025/06/20 00:00:00.000","Não prorrogar"," "," "," ","0"," "," "," ","0"," "," "," "," ","0","00902022CCPLEVPE0061SAD","Pregão eletrônico","2024NE002698","1º"," ","0","Encerrado","8666/93","SEM CADASTRO","ENCERRADO SEM CADASTRO","36/2023"," ","ENCERRADO"," "," ","null null, null- null- null, null- null, null","Fone: null. E-mail: null",731,20,6,2023,20,6,2025,"1","1"
287,10402,609,1404,8300.0,0.0,59040.0,"152025","Debora Maria de Farias Cavalcanti","33.336.537/000186","Prestação de Serviços Gráficos de Plotagem de Plantas e Projetos Diversos","Serviço contínuo","Gráfica","Reitoria","0040608665.000017/202502"," ","2025.0","2025/08/27 00:00:00.000","2026/08/27 00:00:00.000"," "," "," "," ","0"," "," "," ","0"," "," "," "," ","0","3964.2025.CCD UPE.DL.0011.FESPUPE","Dispensa","2025NE001957"," "," ","0","Em execução","14133/21","LEG00041/2025FESPUPE440702","CONCLUÍDO","39/2025","COM PENDÊNCIA"," "," "," ","null null, null- null- null, null- null, null","Fone: null. E-mail: null",365,27,8,2025,27,8,2026,"2","2"
288,10403,610,1405,7230298.0,302662.0,3631944.0,"072023","Sercoserv Serviços Terceirizados ","08.717.223/000186","Prestação de serviços de copeiragem, conforme as especificações contidas no Termo de Referência, na proposta da Contratada e nas demais cláusulas do Contrato.","Serviço com mão de obra","Copeira","Reitoria","0040608353.000046/2023-18"," 0040610245.000029/202511","2023.0","2023/06/20 00:00:00.000","2026/06/20 00:00:00.000"," "," "," "," ","0"," "," "," ","0"," "," "," "," ","0","02012022PREGVPE0134SAD","Ata de registro de preço ","2024NE000997","2º"," ","1º","Em execução","8666/93","LEG00048/2025FESPUPE440702","CONCLUÍDO","35/2023"," ","CONCLUÍDO"," "," ","null null, null- null- null, null- null, null","Fone: null. E-mail: null",1096,20,6,2023,20,6,2026,"1","1"
289,10404,611,1406,0.0,12440124.0,13890204.0,"262024","Simpress Comércio Locação e Serviços ","07.432.517/000107","Contratação de empresa especializada na prestação de serviços especializados de impressão, incluindo: locação de equipamentos (impressoras e multifuncionais); reposição de suprimentos (exceto papel); disponibilização de sistemas para gestão informatizada da solução; além de suporte técnico remoto e manutenção presencial (preventiva e corretiva) para atender às necessidades da Universidade de Pernambuco","Serviço contínuo","Locação de impressoras","UPE","0040608340.000037/202457"," ","2024.0","2024/10/31 00:00:00.000","2027/10/31 00:00:00.000"," "," "," "," ","0"," "," "," ","0"," "," "," "," ","0","00142023PREGVIIPE0012SADATI","Ata de registro de preço ","2024NE001741 "," "," ","0","Em execução","8666/93","LEG00007/2025FESPUPE440702","CONCLUÍDO","124/2024"," ","CONCLUÍDO","CONCLUÍDO"," ","null null, null- null- null, null- null, null","Fone: null. E-mail: null",1095,31,10,2024,31,10,2027,"2","2"
290,10405,612,1407,0.0,0.0,9830671.0,"102025","Drager do Brasil ","61.185.922/000105","Fornecimento de ventilador pulmonar para atender as necessidades do PROCAPE","Equipamento","Ventilador pulmonar","Outros","0040609855.000001/202436"," ","2025.0","2025/07/02 00:00:00.000","2025/10/30 00:00:00.000"," "," "," "," ","0"," "," "," ","0"," "," "," "," ","0","0268.2024.CPL.REIT.PE.0005.FESPUPE","Pregão eletrônico","2025NE001006"," "," ","0","Em execução","14133/21","0","ENCERRADO","190/2024"," ","ENCERRADO"," "," ","null null, null- null- null, null- null, null","Fone: null. E-mail: null",120,2,7,2025,30,10,2025,"2","2"
291,10406,613,1408,22506334.0,2149148.0,12894888.0,"1832020","Benit Construções, Terceirização e Serviços ","24.320.865/000101","Prestação de Serviço de LIMPEZA PREDIAL para atender ao NOVO PRÉDIO DA FOP, localizado na Av. Norte, N° 80.","Serviço com mão de obra","Limpeza predial","FOP","0040608344.000090/202418    (Reitoria) 0040607461.000013/201900  (HUOC)","0040610245.000044/202560","2020.0","2024/12/11 00:00:00.000","2026/06/01 00:00:00.000"," "," "," "," ","0"," "," "," ","0"," "," "," "," ","0","00142020CCPLEIVPE0013SADHUOC","Pregão presencial","2024NE003006","8°"," ","0","Em execução","8666/93","LEG00066/2021HUOCUPE440714","SEM CADASTRO ADITIVO AO CONTRATO DE OUTRA UNIDADE","249/2024","ATUALIZADO","CONCLUÍDO","NÃO SE ENQUADRA"," ","null null, null- null- null, null- null, null","Fone: null. E-mail: null",537,11,12,2024,1,6,2026,"2","1"
292,10407,614,1409,3956000.0,0.0,3956000.0,"342025","ARPSIST Serviços de Engenharia ","70.064.316/000122","Fornecimento de um Firewall de Próxima Geração (NextGeneration Firewall  NGFW), incluindo o hardware, as licenças de software necessárias para suas funcionalidades avançadas e o suporte técnico do fabricante, visando atender as necessidades da Universidade de Pernambuco","Serviço contínuo","Sistemas e softwares","Reitoria","0040610226.000021/202583"," ","2025.0","2025/12/15 00:00:00.000","2028/12/15 00:00:00.000"," "," "," "," ","0"," "," "," ","0"," "," "," "," ","0","4090.2025.CPL.REIT.PE.0059.FESPUPE","Pregão eletrônico","2025NE003823
2025NE003824"," "," ","0","Em execução","14133/21","0"," ","217/2025"," "," "," "," ","null null, null- null- null, null- null, null","Fone: null. E-mail: null",1096,15,12,2025,15,12,2028,"2","2"
293,10408,589,1410,1940643.0,0.0,1940643.0,"302023","Outros","03.508.097/000136","Contratação sob a dispensa de licitação prevista no art. 75. inciso XV da Lei n. 14.133 de 2021, do serviço de tecnologia da informação denominado Diploma Digital, o qual permite o registro e a emissão de diplomas digitais de graduação e documentos auxiliares","Serviço contínuo","Diploma digital","UPE","0040608340.000185/202391"," ","2023.0","2023/12/28 00:00:00.000","2026/12/28 00:00:00.000"," "," "," "," ","0"," "," "," ","0"," "," "," "," ","0","0239.2023.CPL.REIT.DL.0115.FESPUPE","Dispensa","2023NE002513
2023NE002515
2024NE000203"," "," ","0","Em execução","14133/21","CT00004/2025FESPUPE440702","COM PENDÊNCIA","290/2023","COM PENDÊNCIA","CONCLUÍDO"," "," ","null null, null- null- null, null- null, null","Fone: null. E-mail: null",1096,28,12,2023,28,12,2026,"2","2"
294,10409,589,1411,3660150.0,0.0,10980450.0,"112025","Outros","03.508.097/000136","Contratação que consistente no provisionamento, configuração, suporte, manutenção e gestão do serviço de colaboração em nuvem, associada aos serviços de colaboração e produtividade de email, ferramenta de videoconferência e pacote de Software de Escritório e Armazenamento, denominado Google Workspace for Education  Edição Plus.","Serviço contínuo","Armazenamento em nuvem","UPE","0040610227.000001/202501"," ","2025.0","2025/07/01 00:00:00.000","2028/07/01 00:00:00.000"," "," "," "," ","0"," "," "," ","0"," "," "," "," ","0","3977.2025.CPL.REIT.DL.0017.FESPUPE","Dispensa","2025NE001698"," "," ","0","Em execução","14133/21","CT00002/2025FESPUPE440702","COM PENDÊNCIA","38/2025","COM PENDÊNCIA","SEM CADASTRO"," "," ","null null, null- null- null, null- null, null","Fone: null. E-mail: null",1096,1,7,2025,1,7,2028,"2","2"
295,10410,615,1412,5268844.0,1062624.0,13814112.0,"252024","RM T. e G. de Recursos Humanos ","05.465.222/000101","Prestação de serviços de mão de obra  do tipo apoio administrativo, com jornada de trabalho de 44 horas semanais, de segunda a sexta, diurno, visando à realização de atividades administrativas acessórias, instrumentais ou complementares para atender o Campus Mata Norte da Universidade de Pernambuco, conforme as especificações contidas no Termo de Referência, na proposta da CONTRATADA e nos demais documentos constantes do processo administrativo em epígrafe (Convênio Federal nº 863163).","Serviço com mão de obra","Apoio administrativo","Mata Norte","00406110011778.000005/202414","0040610245.000025/202533","2024.0","2024/09/23 00:00:00.000","2025/12/31 00:00:00.000"," "," "," "," ","0"," "," "," ","0"," "," "," "," ","0","00342023PREGXVPE0030SAD","Ata de registro de preço ","2024NE001331"," "," ","0","Em execução","8666/93","LEG00006/2025FESPUPE440702","COM PENDÊNCIA","97/2024"," ","CONCLUÍDO","CONCLUÍDO"," ","null null, null- null- null, null- null, null","Fone: null. E-mail: null",464,23,9,2024,31,12,2025,"2","2"
296,10411,616,1413,43183594.0,3598632833.0,43183594.0,"202024","Brasluso Turismo","09.480.880/000115","Serviço de reserva, emissão e entrega de bilhetes aéreos para viagens nacionais e internacionais e demais serviços correlatos, através de disponibilização de sistema informatizado para atender às demandas da Reitoria da UPE.","Serviço contínuo","Passagens aéreas","Reitoria","0040608353.000049/202432","POR PASSAGEM","2024.0","2024/07/15 00:00:00.000","2025/07/15 00:00:00.000","Não prorrogar"," "," "," ","0"," "," "," ","0"," "," "," "," ","0","0471/2023AC60PE0405SAD","Pregão eletrônico","2025NE000481"," "," ","0","Encerrado","8666/93","LEG00016/2025FESPUPE440702","CONCLUÍDO","50/2024"," ","ENCERRADO"," "," ","null null, null- null- null, null- null, null","Fone: null. E-mail: null",365,15,7,2024,15,7,2025,"2","2"
297,10412,617,1414,15000.0,5000.0,60000.0,"162025","Outros","20.160.797/000100","SERVICO DE CONTROLE DE ANIMAIS E PRAGAS  Do tipo desinfestação de insetos rasteiros, Baratas, Escorpiões, Ratos e Cupins, com técnicas diversas, em áreas internas e externas. SERVICO DE CONTROLE DE ANIMAIS E PRAGAS  Do tipo prevenção de proliferação de pombos, com uso de gel repelente, em áreas internas e externas, marquises e coberta de todos os prédios da Reitoria da UPE.","Serviço contínuo","Dedetização","Reitoria","00406110014255.000029/202533","0040608353.000019/202515","2025.0","2025/09/03 00:00:00.000","2026/09/03 00:00:00.000"," "," "," "," ","0"," "," "," ","0"," "," "," "," ","0","3971.2025.CCD UPE.DL.0013.FESPUPE","Dispensa","2025NE002066"," "," ","0","Em execução","14133/21","
LEG00044/2025FESPUPE440702","CONCLUÍDO","51/2025","ATUALIZADO","SEM CADASTRO"," "," ","null null, null- null- null, null- null, null","Fone: null. E-mail: null",365,3,9,2025,3,9,2026,"2","2"
298,10413,618,1415,2900000.0,96666666.0,289999998.0,"212024","UFPE","24.134.488/000108","Utilização da atual plataforma do Sistema de Informações e Gestão Acadêmica  SIG@, no âmbito da UPE, abrangendo os serviços de hospedagem, administração e gestão do ambiente operacional, implantação de novos módulos já implementados, capacitação de multiplicadores e manutenção do sistema","Serviço contínuo","Sistemas e softwares","UPE","0040608340.000186/202335"," ","2024.0","2024/07/23 00:00:00.000","2026/07/23 00:00:00.000"," "," "," "," ","0"," "," "," ","0"," "," "," "," ","0","0263.2024.CPL.REIT.IN.0002.FESPUPE","Inexigibilidade","2024NE001732
2025NE001856","1º"," ","0","Em execução","14133/21","LEG00002/2025FESPUPE440702","COM PENDÊNCIA","2/2024"," ","CONCLUÍDO"," "," ","null null, null- null- null, null- null, null","Fone: null. E-mail: null",730,23,7,2024,23,7,2026,"2","2"
299,10414,619,1416,148847.0,595388.0,7144656.0,"062019","Dinamérica Serviços Gerais ","04.225.216/000106","Prestação de serviços de Limpeza em Ambiente Escolar, abrangendo prédio, mobiliário e equipamentos escolares, da UPE – Campus Caruaru e Serra Talhada, visando à obtenção de adequadas condições de salubridade e higiene, com a disponibilização de mão de obra, saneantes domissanitários, materiais e equipamentos, referentes ao PREGÃO ELETRÔNICO Nº 109/2019, PROCESSO LICITATÓRIO No 0156.2019.CCPLEV.PE.0109.SAD.FFPGUPE.","Serviço com mão de obra","Limpeza predial","Caruaru","0040610063.000018/202499","0040610245.000011/202510","2019.0","2019/12/16 00:00:00.000","2025/12/15 00:00:00.000","Não prorrogar"," "," "," ","0"," "," "," ","0"," "," "," "," ","0","01562019CCPLEVPE0109SADFFPGUPE","Pregão eletrônico","2024NE003009","9º"," ","0","Em execução","8666/93","0","SEM CADASTRO","253/2024"," ","SEM CADASTRO","CONCLUÍDO"," ","null null, null- null- null, null- null, null","Fone: null. E-mail: null",2191,16,12,2019,15,12,2025,"2","2"
300,10415,620,1417,32675847.0,0.0,32675847.0,"282025","Outros","03.508.097/000136 ","Contratação da empresa Rede Nacional de Ensino e Pesquisa - RNP, para a prestação de serviço de SOC (Security Operations Center) RNP - Intermediário","Serviço contínuo","Sistemas e softwares","UPE","0040610227.000003/202591"," ","2025.0","2025/12/11 00:00:00.000","2026/12/11 00:00:00.000"," "," "," "," ","0"," "," "," ","0"," "," "," "," ","0","4038.2025.CPL.REIT.DL.0047.FESPUPE","Dispensa","2025NE003641"," "," ","0","Em execução","14133/21","0","CONCLUÍDO","119/2025","COM PENDÊNCIA"," "," "," ","null null, null- null- null, null- null, null","Fone: null. E-mail: null",365,11,12,2025,11,12,2026,"2","2"
301,10416,621,1418,8007087.0,1663962.0,19967544.0,"082025","Solserv Servicos ","14.056.350/000184","Prestação de serviços de MOTORISTA, mediante a disponibilização de profissionais devidamente habilitados nas categorias “B”, “C” e “D”, para atender as demandas da Reitoria da UPE","Serviço com mão de obra","Motorista","Reitoria","00406110014255.000033/202500","0040610245.000086/202509","2025.0","2025/06/25 00:00:00.000","2026/06/25 00:00:00.000"," "," "," "," ","0"," "," "," ","0"," "," "," "," ","0","1621.2024.AC79.PE.0474.SAD","Ata de registro de preço ","2025NE001228"," "," ","0","Em execução","14133/21","LEG00037/2025FESPUPE440702","CONCLUÍDO","23/2025"," ","CONCLUÍDO"," "," ","null null, null- null- null, null- null, null","Fone: null. E-mail: null",365,25,6,2025,25,6,2026,"1","1"
302,10417,622,1419,22135868.0,766889.0,9202668.0,"192022","Active Gestão e Serviços ","28.914.691/0001-58","Prestação de serviços de Limpeza e Conservação Predial, visando à obtenção de adequadas condições de salubridade e higiene, com a disponibilização de mão de obra, produtos saneantes domissanitários, materiais e equipamentos para atender IIT – Instituto de Inovação Tecnologica da UPE","Serviço com mão de obra","Limpeza predial","IIT","0040608353.000069/202161
00406110011521.000007/202415","0040610245.000007/202551","2022.0","2022/05/02 00:00:00.000","2026/05/01 00:00:00.000"," "," "," "," ","0"," "," "," ","0"," "," "," "," ","0","01682021CCPLEVPE0144SADFESPUPE","Pregão eletrônico","2025NE000042","2º"," ","2º","Em execução","8666/93","LEG00026/2025FESPUPE440702","CONCLUÍDO","28/2022"," ","CONCLUÍDO"," "," ","null null, null- null- null, null- null, null","Fone: null. E-mail: null",1460,2,5,2022,1,5,2026,"1","1"
303,10418,623,1420,105300.0,8100.0,97200.0,"172024","Outros","9114027/0001.80","Prestação de serviço locação de purificadores de água, para manutenção preventiva e corretiva com preposição de peças, para atender a Reitoria da UPE","Serviço contínuo","Locação de purificador de água","Reitoria","00406110014255.000067/202324","0040610245.000005/202562","2024.0","2024/03/05 00:00:00.000","2026/03/05 00:00:00.000"," "," "," "," ","0"," "," "," ","0"," "," "," "," ","0","02332023CCDDL0111FESPUPE","Dispensa","2025NE000402","1º"," ","0","Em execução","8666/93","LEG00017/2024FESPUPE440702","CONCLUÍDO","1/2024"," ","CONCLUÍDO"," "," ","null null, null- null- null, null- null, null","Fone: null. E-mail: null",730,5,3,2024,5,3,2026,"1","1"
304,10419,624,1421,1999620.0,0.0,1999620.0,"492022","CPTEC Solucões em Tecnologia da Informacão ","10.362.933/000182","Prestação de solução integrada e gerenciada de software de proteção antivírus e antispyware (antimalware), visando atender às demandas da Reitoria da UPE","Serviço contínuo","Sistemas e softwares","Reitoria","0040608340.000061/202224","0040608340.000061/202224
","2022.0","2022/11/09 00:00:00.000","2025/11/09 00:00:00.000","Não prorrogar"," "," "," ","0"," "," "," ","0"," "," "," "," ","0","0093.2021.CCPLEVIII.PE.0087.SAD.ATI","Pregão eletrônico","2022NE001954","Nº 002 AO TERMO DE ADESÃO 002.2019.UPEREITORIA.001
"," ","0","Encerrado","8666/93","LEG00052/2025FESPUPE440702","COM PENDÊNCIA","191/2022","ATUALIZADO","ENCERRADO","NÃO SE ENQUADRA"," ","null null, null- null- null, null- null, null","Fone: null. E-mail: null",1096,9,11,2022,9,11,2025,"2","2"
305,10420,607,1422,234000.0,13000.0,156000.0,"042023","TK Elevadores Brasil ","90.347.840/0008-94","Prestação de serviços de manutenção preventiva e corretiva, com reposição de peças, no elevador instalado no INSTITUTO CONFÚCIO DA UNIVERSIDADE DE PERNAMBUCO.","Serviço contínuo","Manutenção de elevador","IC","0040610019.000010/202204","0040610245.000030/202546","2023.0","2023/06/21 00:00:00.000","2026/06/20 00:00:00.000"," "," "," "," ","0"," "," "," ","0"," "," "," "," ","0","00462022CCDIN0017FESPUPE","Inexigibilidade","2024NE002438","2º"," ","0","Em execução","8666/93","LEG00029/2025FESPUPE440702","CONCLUÍDO","67/2022"," ","CONCLUÍDO"," "," ","null null, null- null- null, null- null, null","Fone: null. E-mail: null",1095,21,6,2023,20,6,2026,"1","1"
244,10421,625,1423,110625.0,4425.0,53100.0,"212025","Sec Nor Distribuidora de Publicações","01.592.950/000115","CONTRATAÇÃO DE EMPRESA ESPECIALIZADA PRESTAÇÃO DE SERVIÇOS ADVOCATICIOS DE INFORMAÇÕES FORENSES, RELATIVO AO EXERCÍCIO DE 2025","Serviço contínuo","Informações forenses","UPE","0040610236.000001/202593","0040610245.000107/202588","2025.0","2025/10/17 00:00:00.000","2026/10/17 00:00:00.000"," "," "," "," ","0"," "," "," ","0"," "," "," "," ","0","4040.2025.CCDPE.DL.0049.FESPUPE","Dispensa ","2025NE002763"," "," ","0","Em execução","14133/21","CT00005/2025FESPUPE440702","CONCLUÍDO","113/2025","COM PENDÊNCIA","SEM CADASTRO"," ","PUBLICADO","null null, null- null- null, null- null, null","Fone: null. E-mail: null",365,17,10,2025,17,10,2026,"2","2"
306,10422,626,1424,19300.0,260000.0,38600.0,"232025","RA de Oliveira Q. da Silveira Serviços","12.900.307/000128","CONTRATAÇÃO DE EMPRESA ESPECIALIZADA EM SERV LIMPEZA E ANÁLISE BACTERIOLÓGICA E FISICO QUIMICA CAIXAS DE ÁGUA DA REITORIA e do INST. CONFUCIO
","Serviço contínuo","Limpeza de caixa de água","Reitoria","0040608344.000060/202592","0040610245.000134/202551","2025.0","2025/11/05 00:00:00.000","2026/11/05 00:00:00.000"," "," "," "," ","0"," "," "," ","0"," "," "," "," ","0","4010.2025.CCD UPE.DL.0035.FESPUPE
","Dispensa","2025NE002403"," "," ","0","Em execução","14133/21","CT00007/2025FESPUPE440702","COM PENDÊNCIA","69/2025","ATUALIZADO","CONCLUÍDO","NÃO SE ENQUADRA","PUBLICADO","null null, null- null- null, null- null, null","Fone: null. E-mail: null",365,5,11,2025,5,11,2026,"2","2"
307,10423,627,1425,26556079.0,1767641.0,21211692.0,"202023","Outros","10.998.292/000157","contratação de empresa especializada na prestação de serviços de agente de integração para operacionalização do Programa de Estágio Corporativo, visando atender as
necessidades da Universidade de Pernambuco, de acordo com as especificações e demais disposições contidas no Termo de Referência, referente ao PREGÃO ELETRÔNICO Nº 0037.SAD, PROCESSO Nº 0043.2023.PREGXII.PE.0037.SAD.","Serviço com mão de obra","Estagiários","UPE","0040608270.000166/202335","0040608270.000015/202549","2023.0","2024/10/19 00:00:00.000","2026/10/18 00:00:00.000"," "," "," "," ","0"," "," "," ","0"," "," "," "," ","0","0043.2023.PREGXII.PE.0037.SAD","Pregão eletrônico","2024NE002607","3º","4º","0","Em execução","8666/93","CT00003/2025FESPUPE440702","CONCLUÍDO","178/2023"," ","CONCLUÍDO"," ","PUBLICADO","null null, null- null- null, null- null, null","Fone: null. E-mail: null",729,19,10,2024,18,10,2026,"2","2"
308,10424,628,1426,0.0,0.0,4500000.0,"192025","JME Engenharia ","24.061.780/000148","Prestação dos serviços de engenharia para implantação do Sistema de Prevenção e Combate a Incêndios (SPCI), Iluminação de emergência, Detecção e Alarme atendendo a Norma Regulamentadora NR 23 – Proteção Contra Incêndios e ao Código de Segurança Contra Incêndio e Pânico (COSCIP), do estado de PERNAMBUCO
LOTE 3  UPE Campus Benfica – Escola Politécnica de Pernambuco (POLI/UPE) e Faculdade de Ciências da Administração e Direito (FCAP/UPE)","Serviço de engenharia ","Engenharia - obras","Benfica","0040608361.000010/202505"," ","2025.0","2025/10/10 00:00:00.000","2026/07/07 00:00:00.000"," "," "," "," ","0"," "," "," ","0"," "," "," "," ","0","3945.2025.CPL UPE EN.PE.0006.FESPUPE","Pregão eletrônico","2025NE002471 "," "," ","0","Em execução"," ","0"," ","83/2025","COM PENDÊNCIA"," "," "," ","null null, null- null- null, null- null, null","Fone: null. E-mail: null",270,10,10,2025,7,7,2026,"2","2"
309,10425,629,1427,2016000.0,0.0,1008000.0,"022025","Medical H. A. M. H. e Serviços de Tecnologia ","23.543.913/000150","Contratação de assinatura anual para 600 acessos para a ferramenta BioAtlas Hunano, da empresa Medical Harbour, para atendimento da Universidade de Pernambuco","Serviço contínuo","Assinatura","UPE","0040608277.000010/202475"," ","2025.0","2025/01/14 00:00:00.000","2026/01/14 00:00:00.000"," "," "," "," ","0"," "," "," ","0"," "," "," "," ","0","32242024CPLREITIN0018FESPUPE","Inexigibilidade","2024NE002841"," "," ","0","Em execução","14133/21","LEG00018/2025FESPUPE440702","CONCLUÍDO","218/2024"," ","CONCLUÍDO","CONCLUÍDO"," ","null null, null- null- null, null- null, null","Fone: null. E-mail: null",365,14,1,2025,14,1,2026,"1","1"
310,10426,559,1428,2043750.0,0.0,1635000.0,"342024","Autografia E. Comunicação e Comércio","14.518.215/0001-03","Prestação de serviços de revisão ortográfica, diagramação, impressão, edição, tradução e distribuição de livros, destinados às diversas áreas do conhecimento da Universidade de Pernambuco","Serviço contínuo","Edição ","Reitoria","0040608274.000012/202494"," ","2024.0","2024/12/27 00:00:00.000","2025/12/27 00:00:00.000","Não prorrogar"," "," "," ","0"," "," "," ","0"," "," "," "," ","0","30812024CPLREITPE0054FESPUPE","Pregão eletrônico","2024NE002723"," "," ","0","Em execução","14133/21","LEG00015/2025FESPUPE440702","CONCLUÍDO","208/2024"," ","CONCLUÍDO"," "," ","null null, null- null- null, null- null, null","Fone: null. E-mail: null",365,27,12,2024,27,12,2025,"2","2"
282,10427,630,1429,0.0,0.0,138486.0,"32026","MCR Sistemas e Consultoria ","04.198.254/0001-17"," fornecimento de licenças de software do tipo “LICENCA 
DE USO DE SOFTWARE - CORELDRAW GRAPHICS SUITE, LICENCA POR 36 MESES, VERSAO 
ATUALIZADA”","Serviço por demanda","Licenças","Reitoria","0040610228.000026/2025-96"," ","2026.0","2026/01/22 00:00:00.000","2027/01/22 00:00:00.000"," ","Márcia Caetano da Silva","Sócio adminstrador"," ","0","camylla.araujo@mcrsoftware.com.br
vitoria.camille@mcrsoftware.com.br"," "," ","0"," "," "," "," ","0","19973.106576/2023-13.UPE2.","Pregão eletrônico","2025NE004035"," "," ","0","Em execução","14133/21","CT00012/2026-FESP-UPE-440702","COM PENDÊNCIA","229/2025","ATUALIZADO","CONCLUÍDO","NÃO SE ENQUADRA","PUBLICADO","null null, null- null- null, null- null, null","Fone: null. E-mail: camylla.araujo@mcrsoftware.com.br
vitoria.camille@mcrsoftware.com.br",365,22,1,2026,22,1,2027,"1","1"
311,10428,593,1430,16443773.0,588674.0,21153165.0,"502022","RM T. e Gestão de Recursos Humanos ","05.465.222/000101","Prestação de serviços de controle, operação e fiscalização de portarias para atender as necessidades da Reitoria da UPE","Serviço com mão de obra","Porteiro","Reitoria","0040608353.000075/202207","0040610245.000026/202588","2022.0","2022/11/30 00:00:00.000","2025/11/30 00:00:00.000","Não prorrogar"," "," "," ","0"," "," "," ","0"," "," "," "," ","0","01672021CCPLEVPE043SAD","Pregão eletrônico","2024NE000079","2º"," ","1º","Em execução","8666/93","LEG00049/2025FESPUPE440702","CONCLUÍDO","189/2022"," ","CONCLUÍDO"," "," ","null null, null- null- null, null- null, null","Fone: null. E-mail: null",1096,30,11,2022,30,11,2025,"2","2"
312,10429,631,1431,4587321.0,0.0,4587321.0,"292025","SRD Tecnologia e Informacao Cientifica ","18.042.370/000157","LICENCA DE USO DE SOFTWARE  DE DADOS E INDICADORES PARA AVALIACAO DE RESULTADOS DOS PROGRAMAS DE FOMENTO A PESQUISA E A INOVACAO","Serviço contínuo","Licenças","Reitoria","00406110012422.000005/202580","0040610245.000127/202559","2025.0","2025/11/17 00:00:00.000","2026/11/17 00:00:00.000"," "," "," "," ","0"," "," "," ","0"," "," "," "," ","0","4062.2025.CCDUPE.IN.0017.FESPUPE","Inexigibilidade","2025NE003339"," "," ","0"," ","14133/21","LEG00064/2025FESPUPE440702","COM PENDÊNCIA","00158/2025","ATUALIZADO"," ","NÃO SE ENQUADRA","PUBLICADO","null null, null- null- null, null- null, null","Fone: null. E-mail: null",365,17,11,2025,17,11,2026,"2","2"
313,10430,632,1432,2852436.0,569110.0,13658640.0,"082024","BBC Servicos de Vigilancia ","03.401.987/000144","Prestação de serviços de VIGILÂNCIA ARMADA, nos termos da LEI FEDERAL N° 7.102/83, PREGÃO ELETRÔNICO N° 0086.2018 e PROCSSO N° 0138.2018.CCPLEV.PE.0086.SAD, referentes a UPE CAMPUS CARUARU.","Serviço com mão de obra","Vigilância armada","Caruaru","0040608353.000009/202491 e 0040609697.000003/202495","0040610245.000004/202518","2024.0","2024/09/01 00:00:00.000","2025/08/31 00:00:00.000"," "," "," "," ","0"," "," "," ","0"," "," "," "," ","0"," 01382018CCPLEVPE0086SAD","Pregão eletrônico","2024NE002746","2°"," ","0","Em execução","8666/93","SEM CADASTRO","ENCERRADO SEM CADASTRO","213/2024"," ","SEM CADASTRO","CONCLUÍDO"," ","null null, null- null- null, null- null, null","Fone: null. E-mail: null",364,1,9,2024,31,8,2025,"2","2"
314,10431,633,1439,500000.0,0.0,15200000.0,"372025","Outros","13.406.686/000167","Prestação de serviços continuados em Tecnologia da Informação, para customização, sustentação e suporte técnico dos Sistemas SIGUFRN (SIGAA e ORBITAIS), por meio de Inexigibilidade de Licitação. com fundamento no art. 74, inc. I da Lei nº 14.133/21, a fim de atender às necessidades da Universidade de Pernambuco","Serviço contínuo","Sistemas e softwares","UPE","0040610229.000001/202582"," ","2025.0","2025/12/17 00:00:00.000","2026/12/17 00:00:00.000"," "," "," "," ","0"," "," "," ","0"," "," "," "," ","0","4057.2025.CPL.REIT.IN.0016.FESPUPE","Inexigibilidade","0"," "," ","0","Em execução"," ","CT00015/2026-FESP-UPE-440702","CONCLUÍDO","159/2025"," "," "," "," ","null null, null- null- null, null- null, null","Fone: null. E-mail: null",365,17,12,2025,17,12,2026,"2","2"
315,10432,557,1434,240408338.0,7680976.0,92171712.0,"312021","Alforge Segurança Patrimonial","13.343.833/000105","Prestação de Serviços de vigilância armada para atender a Reitoria da UPE e do antigo imóvel da FOP (CamaragibePE).","Serviço com mão de obra","Vigilância armada","Reitoria e FOP","0040608353.000045/202110","0040610245.000002/202529","2021.0","2021/08/03 00:00:00.000","2026/08/03 00:00:00.000"," "," "," "," ","0"," "," "," ","0"," "," "," "," ","0","00092020CCPLEIVPE0008SAD","Pregão eletrônico","2024NE001665","5º","5º","0","Em execução","8666/93","CT00018/2026-FESP-UPE-440702","COM PENDÊNCIA","75/2021","ATUALIZADO","CONCLUÍDO"," "," ","null null, null- null- null, null- null, null","Fone: null. E-mail: null",1826,3,8,2021,3,8,2026,"2","2"
316,10433,634,1435,86313175.0,3239967.0,38879604.0,"222022","Toggi Service Limpeza e Conservação ","21.821.091/000104","prestação de serviços de Limpeza e Conservação Predial, visando à obtenção de adequadas condições de salubridade e higiene, com a disponibilização de mão de obra, produtos saneantes domissanitários, materiais e equipamentos para atender a Reitoria da Universidade de Pernambuco e o Campus Surubim da UPE.","Serviço com mão de obra","Limpeza predial","Reitoria e Surubim","0040608352.000012/202414","0040610245.000032/202535","2022.0","2022/06/01 00:00:00.000","2026/05/31 00:00:00.000"," "," "," "," ","0"," "," "," ","0"," "," "," "," ","0","01682021CCPLEVPE0144SADFESPUPE","Pregão eletrônico","2024NE000063","3º"," ","1º","Em execução","8666/93","LEG00043/2025FESPUPE440702","CONCLUÍDO","26/2022"," ","CONCLUÍDO"," "," ","null null, null- null- null, null- null, null","Fone: null. E-mail: null",1460,1,6,2022,31,5,2026,"1","1"
317,10434,602,1436,1070000.0,0.0,1070000.0,"062024","Safe S. a Vida e Comercio Internacional ","08.675.394/0001-90","O fornecimento de 1 (um) ULTRASSONOGRAFO – Sistema de Ecografia Portátil, através do convênio nº 915.680/2021 para atender as necessidades do Hospital Universitário Oswaldo Cruz (HUOC)","Equipamento","Ultrassonógrafo","HUOC","0040608350.000356/202109"," ","2024.0","2024/01/31 00:00:00.000","2025/01/31 00:00:00.000","Não prorrogar"," "," "," ","0"," "," "," ","0"," "," "," "," ","0","00052022CPLREITPE0005FESPUPE","Pregão eletrônico","2023NE002117"," "," ","0","Encerrado","8666/93","SEM CADASTRO","ENCERRADO SEM CADASTRO","0"," ","ENCERRADO"," "," ","null null, null- null- null, null- null, null","Fone: null. E-mail: null",366,31,1,2024,31,1,2025,"1","1"
318,10435,624,1437,14272420.0,0.0,14272420.0,"562022","CPTEC Solucões em Tecnologia da Informacão ","10.362.933/000182","contratação de empresa especializada na prestação de solução 
integrada e gerenciada de software de proteção antivírus e antispyware (antimalware) visando
atender às demandas desta NCTI/UPE","Serviço contínuo","Sistemas e softwares","UPE","0040608340.000124/202161","0040608340.000124/202161
","2022.0","2022/10/27 00:00:00.000","2025/10/27 00:00:00.000"," "," "," "," ","0"," "," "," ","0"," "," "," "," ","0","0093.2021.CCPLEVIII.PE.0087.SAD.ATI","Pregão eletrônico","2021NE001779","1º","Nº 002.2019.UPEREITORIA.001","0","Encerrado","8666/93","0","SEM CADASTRO","257/2021","ATUALIZADO","ENCERRADO","NÃO SE ENQUADRA"," ","null null, null- null- null, null- null, null","Fone: null. E-mail: null",1096,27,10,2022,27,10,2025,"2","2"
319,10436,635,1438,1118490.0,15000.0,22165791.0,"032020","Maxifrota S. de Manutenção e Frota","27.284.516/000161","Prestação do serviço de gerenciamento do abastecimento veículos/equipamentos envolvendo a implantação e operação de um sistema informatizado, via internet, através da tecnologia de cartão eletrônico para a Reitoria da UPE ","Serviço contínuo","Abastecimento de veículos","Reitoria","003.2020.096.UPEEAD.001","0040610245.000020/202519","2020.0","2020/09/21 00:00:00.000","2026/09/21 00:00:00.000"," "," "," "," ","0"," "," "," ","0"," "," "," "," ","0","01982019CCPLEXIPE0139SAD","Ata de registro de preço ","2025NE000205
2025NE000342
2025NE002844","4º","4º","001.2025 E
002/2025 AO TERMO DE ADESÃO 003.2020.096.UPEEAD.001","Em execução","8666/93","0","MATER - NÃO SE ENQUADRA","106/2020","COM PENDÊNCIA","SEM CADASTRO"," "," ","null null, null- null- null, null- null, null","Fone: null. E-mail: null",2191,21,9,2020,21,9,2026,"2","2"
