NÚMERO DO CONTRATO,OBJETO DO CONTRATO,CONTRATADA,CNPJ DA CONTRATADA,VALOR TOTAL,VALOR EXECUTADO,DATA DE INÍCIO,DATA DE TÉRMINO,SITUAÇÃO DO CONTRATO,UNIDADE BENEFICIADA,CATEGORIA DO OBJETO
86,"Locacao De Imovel Correspondente A Uma Area De 1.457M2, Inserida No Empreendimento Polo Comercial De Caruaru, Localizado Na Br 104, Km62, Nova Caruaru.",Polo Comercial De Caruaru Ltda,05970676000121,1093809.36,2952064.95,2019-10-01,2026-10-01,Em Execucao,Campus Caruaru,Servico De Prestacao Continuada
03,"Prestacao Do Servico De Gerenciamento Do Abastecimento Veiculos/Equipamentos Envolvendo A Implantacao E Operacao De Um Sistema Informatizado, Via Internet, Atraves Da Tecnologia De Cartao Eletronico Para A Reitoria Da Upe",Maxifrota Servicos De Manutencao E Frota,27284516000161,47102.76,128352.96,2020-09-21,2026-09-21,Em Execucao,Reitoria,Servico De Prestacao Continuada
03,"Prestacao Do Servico De Gerenciamento Do Abastecimento Veiculos/Equipamentos Envolvendo A Implantacao E Operacao De Um Sistema Informatizado, Via Internet, Atraves Da Tecnologia De Cartao Eletronico Para A Reitoria Da Upe",Maxifrota Servicos De Manutencao E Frota,27284516000161,18000.0,41418.64,2020-09-21,2026-09-21,Em Execucao,Reitoria,Servico De Prestacao Continuada
15,"Contratacao De Produtos E Servicos Por Meio De Pacote De Servicos Dos Correios Mediante Adesao Ao Termo De Condicoes Comerciais E Anexos, Quando Contratados Servicos Especificos, Que Permite A Compra De Produtos E Utilizacao Dos Diversos Servicos Dos Correios Por Meio Dos Canais De Atendimento Disponibilizados.",Empresa Brasileira De Correios E Telegrafos Etc,34028316002157,10000.0,12957.4,2021-03-18,2026-03-17,Em Execucao,Reitoria,Servico De Prestacao Continuada
25,"Locacao Do Imovel Localizado Na Cidade De Palmares, Na Rua Dr. Homero De Fanca Limeira, Nº 289, Bairro Santa Rosa, Matriculado No Cartorio De Registro De Imoveis Da Comarca De Palmares Sob O Nº 01040370713001, Com Area Construida 913,55M² Da Proprietaria Katia Cristina Pereira De Freitas.",Katia Cristina Pereira De Freitas,86377388420,453883.08,426848.19,2021-05-01,2026-05-01,Em Execucao,Campus Mata Sul,Servico De Prestacao Continuada
31,Prestacao De Servicos De Vigilancia Armada Para Atender A Reitoria Da Upe E Do Antigo Imovel Da Fop (Camaragibepe).,Alforge Seguranca Patrimonial Ltda,13343833000105,921132.96,3121215.73,2021-08-03,2026-08-03,Em Execucao,Combo 7 - Reitoria - Fop Camaragibe,Servico De Prestacao Continuada Com Dedicacao Exclusiva De Mao De Obra
19,"Prestacao De Servicos De Limpeza E Conservacao Predial, Visando A Obtencao De Adequadas Condicoes De Salubridade E Higiene, Com A Disponibilizacao De Mao De Obra, Produtos Saneantes Domissanitarios, Materiais E Equipamentos Para Atender Iit – Instituto De Inovacao Tecnologica Da Upe",Active Gestao E Servicos Ltda,28914691000158,92026.68,298090.97,2022-05-02,2026-05-01,Em Execucao,Iit - Instituto De Inovacao Tecnologica,Servico De Prestacao Continuada Com Dedicacao Exclusiva De Mao De Obra
21,"Prestacao De Servicos De Limpeza E Conservacao Predial, Visando A Obtencao De Adequadas Condicoes De Salubridade E Higiene, Com A Disponibilizacao De Mao De Obra, Produtos Saneantes Domissanitarios, Materiais E Equipamentos Para Atender O Instituto Confucio/ Upe.",Prosel Terceirizacao Limpeza E Construcao Eireli,37548251000134,36283.2,130642.36,2022-05-10,2026-05-09,Em Execucao,Ic - Instituto Confucio,Servico De Prestacao Continuada Com Dedicacao Exclusiva De Mao De Obra
22,"Prestacao De Servicos De Limpeza E Conservacao Predial, Visando A Obtencao De Adequadas Condicoes De Salubridade E Higiene, Com A Disponibilizacao De Mao De Obra, Produtos Saneantes Domissanitarios, Materiais E Equipamentos Para Atender A Reitoria Da Universidade De Pernambuco E O Campus Surubim Da Upe.",Toggi Service Limpeza E Conservacao Eireli,21821091000104,388796.04,1163214.78,2022-06-01,2026-05-31,Em Execucao,Combo 6 - Reitoria - Surubim,Servico De Prestacao Continuada Com Dedicacao Exclusiva De Mao De Obra
22,"Prestacao De Servicos De Limpeza E Conservacao Predial, Visando A Obtencao De Adequadas Condicoes De Salubridade E Higiene, Com A Disponibilizacao De Mao De Obra, Produtos Saneantes Domissanitarios, Materiais E Equipamentos Para Atender A Reitoria Da Universidade De Pernambuco E O Campus Surubim Da Upe.",Toggi Service Limpeza E Conservacao Eireli,21821091000104,388796.04,1163214.78,2022-06-01,2026-05-31,Em Execucao,Combo 6 - Reitoria - Surubim,Servico De Prestacao Continuada Com Dedicacao Exclusiva De Mao De Obra
40,"Contratacao De Empresa Especializada Para Prestacao De Servicos De Manutencao Preventiva E Corretiva, De Grupo Gerador, Instalado Na Reitoria Da Universidade De Pernambuco",Elenet Servicos Tecnicos Ltda,09502112000115,7777.18,26348.73,2022-06-01,2026-06-01,Em Execucao,Reitoria,Servico De Prestacao Continuada
62,"Prestacao De Servicos De Publicacao De Editais, Avisos, Extratos De Contratos E Convenios E Demais Atos Administrativos, No Diario Oficial Do Estado De Pernambuco (Doe), Para Atender Necessidades Da Reitoria Da Upe",Companhia Editora De Pernambuco Cepe,10921252000107,491999.65,1161696.06,2022-12-12,2026-12-12,Em Execucao,Reitoria,Servico De Prestacao Continuada
07,"Prestacao De Servicos De Copeiragem, Conforme As Especificacoes Contidas No Termo De Referencia, Na Proposta Da Contratada E Nas Demais Clausulas Do Contrato.",Sercoserv Servicos Terceirizados Ltda,08717223000186,36319.44,90462.7,2023-06-20,2026-06-20,Em Execucao,Reitoria,Servico De Prestacao Continuada Com Dedicacao Exclusiva De Mao De Obra
04,"Prestacao De Servicos De Manutencao Preventiva E Corretiva, Com Reposicao De Pecas, No Elevador Instalado No Instituto Confucio Da Universidade De Pernambuco.",Tk Elevadores Brasil Ltda,90347840000894,15600.0,37700.0,2023-06-21,2026-06-20,Em Execucao,Ic - Instituto Confucio,Servico De Prestacao Continuada
10,"Prestacao De Servico De Mao De Obra – Do Tipo Recepcionista, Nivel Medio Com Conhecimento Basico Em Informatica, Posto De 44 Horas Semanais, Turno Diurno, Segunda A Sextafeira, Para Atender A Reitoria Da Upe",Rm Terceirizacao E Gestao De Recursos Humanos Eireli,05465222000101,42407.04,99918.63,2023-07-26,2026-07-26,Em Execucao,Reitoria,Servico De Prestacao Continuada Com Dedicacao Exclusiva De Mao De Obra
18,Prestacao De Servicos De Copeiragem Par Atender A Reitoria Da Upe.,Jmf Construcoes E Servicos Terceirizados Eireli Epp,10624354000160,39293.64,85955.96,2023-09-05,2026-09-05,Em Execucao,Reitoria,Servico De Prestacao Continuada Com Dedicacao Exclusiva De Mao De Obra
21,"Prestacao De Servicos Vigilancia Armada Posto De 24 Horas Diarias, De Segunda A Domingo, Visando Atender As Necessidades, Sendo 1 (Um) Posto Para Instituto De Inovacao Tecnologica Da Upe E 1 (Um) Posto Para O Instituto Confucio",Aguia Servicos De Vigilancia Ltda,11516861000143,532877.04,896040.95,2023-11-01,2026-11-01,Em Execucao,Combo 8 - Ic - Iit,Servico De Prestacao Continuada Com Dedicacao Exclusiva De Mao De Obra
21,"Prestacao De Servicos Vigilancia Armada Posto De 24 Horas Diarias, De Segunda A Domingo, Visando Atender As Necessidades, Sendo 1 (Um) Posto Para Instituto Inovacao Tecnologica Da Upe E 1 (Um) Posto Para O Instituto Confucio",Aguia Servicos De Vigilancia Ltda,11516861000143,532877.04,896040.95,2023-11-01,2026-11-01,Em Execucao,Combo 8 - Ic - Iit,Servico De Prestacao Continuada Com Dedicacao Exclusiva De Mao De Obra
24,"Contratacao Direta Da Prestacao De Servicos De Locacao De 2 (Dois) Nobreaks, Na Potencia De 15Kva Para Atender A Necessidades Do Datacenter Da Diretoria De Tecnologia Da Informacao E Comunicacao Da Reitoriaupe",Mapros Ltda,08980641000161,42788.16,85492.35,2023-12-14,2026-12-14,Em Execucao,Reitoria,Servico De Prestacao Continuada
30,"Contratacao Sob A Dispensa De Licitacao Prevista No Art. 75. Inciso Xv Da Lei N. 14.133 De 2021, Do Servico De Tecnologia Da Informacao Denominado Diploma Digital, O Qual Permite O Registro E A Emissao De Diplomas Digitais De Graduacao E Documentos Auxiliares",Rede Nacional De Ensino E Pesquisa - Rnp,03508097000136,194064.3,194064.3,2023-12-28,2026-12-28,Em Execucao,Upe,Servico De Prestacao Continuada
11,"Prestacao De Servicos De Manutencao Preventiva E Corretiva, Com Reposicao De Pecas Novas, Nos Elevadores Instalados No Bloco B E C Da Reitoria Da Universidade De Pernambuco, Pelo Periodo De 12 (Doze) Meses.",Tk Elevadores Brasil Ltda,90347840000894,22995.36,42158.16,2024-01-30,2027-01-31,Em Execucao,Reitoria,Servico De Prestacao Continuada
09,Prestacao Do Servico De Manutencao E Suporte Tecnico Do Software Pergamum Para Atender O Nucleo De Gestao De Bibliotecas E Documentacao (Nbid),Associacao Paranaense De Cultura Pergamum,76659820004653,123050.04,19561.4,2024-02-21,2029-02-21,Em Execucao,Reitoria,Servico De Prestacao Continuada
17,"Prestacao De Servico Locacao De Purificadores De Agua, Para Manutencao Preventiva E Corretiva Com Preposicao De Pecas, Para Atender A Reitoria Da Upe",Brazon Maxfilter Industria E Locacao De Purificadores De Agua Ltda,9114027000180,9720.0,10530.0,2024-03-05,2027-03-05,Em Execucao,Reitoria,Servico De Prestacao Continuada
19,"Prestacao De Servicos De Servicos De Manutencao Preventiva E Corretiva De Elevadores, Com Reposicao De Pecas, Para Atender As Necessidades Do Bloco D Da Reitoria Da Universidade De Pernambuco Como Tambem Do Predio Do Iit (Instituto De Inovacao Tecnologica Da Upe), Da Universidade De Pernambuco.",Dibasa Comercio E Servicos Ltda Epp,11836848000171,5692.8,8669.6,2024-05-23,2026-05-22,Em Execucao,Combo 3 - Reitoria - Iit,Servico De Prestacao Continuada
19,"Prestacao De Servicos De Servicos De Manutencao Preventiva E Corretiva De Elevadores, Com Reposicao De Pecas, Para Atender As Necessidades Do Bloco D Da Reitoria Da Universidade De Pernambuco Como Tambem Do Predio Do Iit (Instituto De Inovacao Tecnologica Da Upe), Da Universidade De Pernambuco.",Dibasa Comercio E Servicos Ltda Epp,11836848000171,6600.0,8669.6,2024-05-23,2026-05-22,Em Execucao,Combo 3 - Reitoria - Iit,Servico De Prestacao Continuada
21,"Utilizacao Da Atual Plataforma Do Sistema De Informacoes E Gestao Academica Sig@, No Ambito Da Upe, Abrangendo Os Servicos De Hospedagem, Administracao E Gestao Do Ambiente Operacional, Implantacao De Novos Modulos Ja Implementados, Capacitacao De Multiplicadores E Manutencao Do Sistema",Universidade Federal De Pernambuco - Ufpe,24134488000108,290000.0,290000.0,2024-07-23,2026-07-23,Em Execucao,Upe,Servico De Prestacao Continuada
22,Execucao Das Obras De Construcao Do Bloco De Salas De Aula E Administrativo Para O Eadpolo Da Upe Em Tabira,Construtora Aurelio E Servicos Ltda,19703302000154,1978910.42,821326.74,2024-07-31,2026-03-11,Em Execucao,Ead - Polo Tabira,Servicos De Engenharia - Obras - Reformas - Manutencoes
23,Contratacao De Assinatura Anual (Licenca De Uso) De Biblioteca Digital (Base De Dados) De Livros Eletronicos (Ebooks) Minha Biblioteca,Minha Biblioteca Ltda,13183749000163,344749.44,344749.44,2024-08-02,2026-08-02,Em Execucao,Upe,Servico De Prestacao Continuada
24,"Prestacao De Servicos De Digitalizacao De Documentos, Contemplando Preparacao, Organizacao, Traslado E Armazenamento De Documentos Fisicos E Digitais, Realizacao De Gestao, Incluindo A Definicao De Rotinas De Busca E Recuperacao Dos Documentos Armazenados Fisicamente, Para Atender As Necessidades Da Universidade De Pernambuco",Companhia Editora De Pernambuco Cepe,10921252000298,167219.64,118159.73,2024-08-15,2026-08-14,Em Execucao,Upe,Servico De Prestacao Continuada
Adesao,"Forneceimento De Energia Eletrica - Codigo Do Cliente 7006906448 Contratacao Da Companhia Energetica De Pernambuco - Neoenergia Pernambuco - Cnpj Nº 10.835.932/0001-08, Para O Fornecimento De Energia Eletrica, Para Atender As Necessidades Dos Orgaos E Entidades Da Administracao Publica Estadual, Autarquias, Fundacoes, Empresas Publicas, Sociedades De Economia Mista E Suas Subsidiarias, Dependentes Do Tesouro Estadual.",Neoenergia,10835932000108,,674516.37,2024-09-25,2034-09-25,Em Execucao,Combo 11 - Reitoria - Iit - Ic - Caruaru - Fop Camaragibe,Servico De Prestacao Continuada
Adesao,"Forneceimento De Energia Eletrica - Codigo Do Cliente 7037574478 Contratacao Da Companhia Energetica De Pernambuco - Neoenergia Pernambuco - Cnpj Nº 10.835.932/0001-08, Para O Fornecimento De Energia Eletrica, Para Atender As Necessidades Dos Orgaos E Entidades Da Administracao Publica Estadual, Autarquias, Fundacoes, Empresas Publicas, Sociedades De Economia Mista E Suas Subsidiarias, Dependentes Do Tesouro Estadual.",Neoenergia,10835932000108,,674516.37,2024-09-25,2034-09-25,Em Execucao,Combo 11 - Reitoria - Iit - Ic - Caruaru - Fop Camaragibe,Servico De Prestacao Continuada
Adesao,"Forneceimento De Energia Eletrica - Codigo Do Cliente 7033223395 Contratacao Da Companhia Energetica De Pernambuco - Neoenergia Pernambuco - Cnpj Nº 10.835.932/0001-08, Para O Fornecimento De Energia Eletrica, Para Atender As Necessidades Dos Orgaos E Entidades Da Administracao Publica Estadual, Autarquias, Fundacoes, Empresas Publicas, Sociedades De Economia Mista E Suas Subsidiarias, Dependentes Do Tesouro Estadual.",Neoenergia,10835932000108,,674516.37,2024-09-25,2034-09-25,Em Execucao,Combo 11 - Reitoria - Iit - Ic - Caruaru - Fop Camaragibe,Servico De Prestacao Continuada
Adesao,"Forneceimento De Energia Eletrica - Codigo Do Cliente 7046810109 Contratacao Da Companhia Energetica De Pernambuco - Neoenergia Pernambuco - Cnpj Nº 10.835.932/0001-08, Para O Fornecimento De Energia Eletrica, Para Atender As Necessidades Dos Orgaos E Entidades Da Administracao Publica Estadual, Autarquias, Fundacoes, Empresas Publicas, Sociedades De Economia Mista E Suas Subsidiarias, Dependentes Do Tesouro Estadual.",Neoenergia,10835932000108,,,2024-09-25,2034-09-25,Em Execucao,Combo 11 - Reitoria - Iit - Ic - Caruaru - Fop Camaragibe,Servico De Prestacao Continuada
Adesao,"Forneceimento De Energia Eletrica - Codigo Do Cliente 7007459194 Contratacao Da Companhia Energetica De Pernambuco - Neoenergia Pernambuco - Cnpj Nº 10.835.932/0001-08, Para O Fornecimento De Energia Eletrica, Para Atender As Necessidades Dos Orgaos E Entidades Da Administracao Publica Estadual, Autarquias, Fundacoes, Empresas Publicas, Sociedades De Economia Mista E Suas Subsidiarias, Dependentes Do Tesouro Estadual.",Neoenergia,10835932000108,,,2024-09-25,2034-09-25,Em Execucao,Combo 11 - Reitoria - Iit - Ic - Caruaru - Fop Camaragibe,Servico De Prestacao Continuada
Adesao,"Forneceimento De Energia Eletrica - Codigo Do Cliente 4006413299 Contratacao Da Companhia Energetica De Pernambuco - Neoenergia Pernambuco - Cnpj Nº 10.835.932/0001-08, Para O Fornecimento De Energia Eletrica, Para Atender As Necessidades Dos Orgaos E Entidades Da Administracao Publica Estadual, Autarquias, Fundacoes, Empresas Publicas, Sociedades De Economia Mista E Suas Subsidiarias, Dependentes Do Tesouro Estadual.",Neoenergia,10835932000108,,,2024-09-25,2034-09-25,Em Execucao,Combo 11 - Reitoria - Iit - Ic - Caruaru - Fop Camaragibe,Servico De Prestacao Continuada
18,"Servico De Locacao De Imovel Tipo Predio,Localizado No Bairro De Santo Amaro, Cidade Recife,Com Area Construida De 8.900,01 A 9.000,00M2.",Maxxima Empreendimentos Ltda,07534634000173,2751881.32,4362418.11,2024-10-01,2029-10-01,Em Execucao,Campus Fop,Servico De Prestacao Continuada
18,"Servico De Locacao De Imovel Tipo Predio,Localizado No Bairro De Santo Amaro, Cidade Recife,Com Area Construida De 8.900,01 A 9.000,00M2.",Maxxima Empreendimentos Ltda,07534634000173,1066666.64,4362418.11,2024-10-01,2029-10-01,Em Execucao,Campus Fop,Servico De Prestacao Continuada
20,"Contratacao De Empresa Especializada Na Prestacao De Servicos De Agente De Integracao Para Operacionalizacao Do Programa De Estagio Corporativo, Visando Atender As Necessidades Da Universidade De Pernambuco, De Acordo Com As Especificacoes E Demais Disposicoes Contidas No Termo De Referencia, Referente Ao Pregao Eletronico Nº 0037.Sad, Processo Nº 0043.2023.Pregxii.Pe.0037.Sad.",Centro De Integracao Empresa Escola De Pernambuco - Ciee,10998292000157,212116.92,265560.79,2024-10-19,2026-10-18,Em Execucao,Upe,Servico De Prestacao Continuada Com Dedicacao Exclusiva De Mao De Obra
26,"Contratacao De Empresa Especializada Na Prestacao De Servicos Especializados De Impressao, Incluindo: Locacao De Equipamentos (Impressoras E Multifuncionais); Reposicao De Suprimentos (Exceto Papel); Disponibilizacao De Sistemas Para Gestao Informatizada Da Solucao; Alem De Suporte Tecnico Remoto E Manutencao Presencial (Preventiva E Corretiva) Para Atender As Necessidades Da Universidade De Pernambuco",Simpress Comercio Locacao E Servicos Ltda,07432517000107,138902.04,37000.24,2024-10-31,2027-10-31,Em Execucao,Upe,Servico De Prestacao Continuada
46,"Assinatura Da Base De Evidencias Medicas Dynamed, Da Ebsco, Para Atendimento Aos Servidores, Alunos, Professores E Medicos Da Universidade De Pernambuco.",Ebsco Brasil Ltda,42356782000146,130564.72,506464.72,2024-11-03,2026-11-03,Em Execucao,Upe,Servico De Prestacao Continuada
27,"Prestacao Dos Servicos De Manutencao Preventiva E Corretiva De Aparelhos De Arcondicionado Da Upe, Divididos Em 04 (Quatro) Lotes Distintos: 1º Lote – Upe Reitoria; 2º Lote – Upe Campus Caruaru; 3º Lote – Instituto Confucio Da Upe; 4º Lote Instituto De Inovacao Tecnologica (Iit) Da Upe.",H.A.P.L. Refrigeracao E Servicos Em Geral Ltda,50128684000180,132338.76,144867.72,2024-11-12,2026-11-12,Em Execucao,Combo 1 - Reitoria - Iit - Ic - Caruaru,Servico De Prestacao Continuada
27,"Prestacao Dos Servicos De Manutencao Preventiva E Corretiva De Aparelhos De Arcondicionado Da Upe, Divididos Em 04 (Quatro) Lotes Distintos: 1º Lote – Upe Reitoria; 2º Lote – Upe Campus Caruaru; 3º Lote – Instituto Confucio Da Upe; 4º Lote Instituto De Inovacao Tecnologica (Iit) Da Upe.",H.A.P.L. Refrigeracao E Servicos Em Geral Ltda,50128684000180,132338.76,144867.72,2024-11-12,2026-11-12,Em Execucao,Combo 1 - Reitoria - Iit - Ic - Caruaru,Servico De Prestacao Continuada
27,"Prestacao Dos Servicos De Manutencao Preventiva E Corretiva De Aparelhos De Arcondicionado Da Upe, Divididos Em 04 (Quatro) Lotes Distintos: 1º Lote – Upe Reitoria; 2º Lote – Upe Campus Caruaru; 3º Lote – Instituto Confucio Da Upe; 4º Lote Instituto De Inovacao Tecnologica (Iit) Da Upe.",H.A.P.L. Refrigeracao E Servicos Em Geral Ltda,50128684000180,132338.76,144867.72,2024-11-12,2026-11-12,Em Execucao,Combo 1 - Reitoria - Iit - Ic - Caruaru,Servico De Prestacao Continuada
27,"Prestacao Dos Servicos De Manutencao Preventiva E Corretiva De Aparelhos De Arcondicionado Da Upe, Divididos Em 04 (Quatro) Lotes Distintos: 1º Lote – Upe Reitoria; 2º Lote – Upe Campus Caruaru; 3º Lote – Instituto Confucio Da Upe; 4º Lote Instituto De Inovacao Tecnologica (Iit) Da Upe.",H.A.P.L. Refrigeracao E Servicos Em Geral Ltda,50128684000180,132338.76,144867.72,2024-11-12,2026-11-12,Em Execucao,Combo 1 - Reitoria - Iit - Ic - Caruaru,Servico De Prestacao Continuada
183,"Prestacao De Servico De Limpeza Predial Para Atender Ao Novo Predio Da Fop, Localizado Na Av. Norte, N° 80.","Benit Construcoes, Terceirizacao E Servicos Ltda",24320865000101,128948.88,225063.34,2024-12-11,2026-06-01,Em Execucao,Campus Fop,Servico De Prestacao Continuada Com Dedicacao Exclusiva De Mao De Obra
29,"Constitui Objeto Do Presente Contrato A Execucao Do Servico Comum De Engenharia De Reforma Eletrica Do “Bloco D” Da Reitoria Da Upe, Campus Recife/Pe, Nas Condicoes Estabelecidas No Anexo I – Termo De Referencia, Anexo Ii – Especificacoes Tecnicas Dos Servicos, Anexo Iii – Planilha Orcamentaria Sem Desoneracao, Anexo Iii – Cotacao, Anexo Iv – Cronograma Fisicofinanceiro, Anexo V – Composicao De Precos, Anexo Vi – Composicao De Bdi, Anexo Vii – Encargos Sociais, Anexo Viii – Projetos, Anexo Ix – Memoria De Calculo, Anexo X – Administracao Da Obra, Na Proposta Da Contratada E Nos Demais Documentos Constantes Do Processo Relativo Ao Pregao Eletronico Nº 0042.2024.",Ep Engrenagem Producoes E Servicos Ltda,04614627000193,167348.59,135607.16,2024-12-13,2026-01-09,Encerrado,Reitoria,Servicos De Engenharia - Obras - Reformas - Manutencoes
33,"Prestacao De Servicos De Desenvolvimento, Manutencao Corretiva E Evolutiva, Testes, Documentacao, Integracao E Implantacao De Sistemas Nos Ambientes De Desenvolvimento, Homologacao E Producao, Em Multiplataforma De Desenvolvimento E Banco De Dados",Casp Solucoes Informatica Ltda,16694290000150,57195.0,103695.0,2024-12-19,2026-12-19,Em Execucao,Upe,Servico De Prestacao Continuada
01,"Prestacao De Servicos De Jardinagem, A Serem Executados Com Regime De Dedicacao Exclusiva De Mao De Obra",Servitium Ltda,00558943000134,41828.76,36716.35,2025-01-03,2026-01-03,Encerrado,Reitoria,Servico De Prestacao Continuada Com Dedicacao Exclusiva De Mao De Obra
02,"Contratacao De Assinatura Anual Para 600 Acessos Para A Ferramenta Bioatlas Hunano, Da Empresa Medical Harbour, Para Atendimento Da Universidade De Pernambuco",Medical Harbour Aparelhos Medicohospitalares E Servicos De Tecnologia Ltda,23543913000150,100800.0,201600.0,2025-01-14,2027-01-14,Em Execucao,Upe,Servico De Prestacao Continuada
04,"Contratacao De Prestacao De Servicos De Locacao De Veiculos, Classificacao Vs1, Visando Atender As Necessidades Da Universidade De Pernambuco, De Acordo Com As Especificacoes E Demais Disposicoes Contidas No Termo De Referencia.",Cs Brasil Frotas S.A,27595780000116,207720.0,69240.0,2025-04-11,2027-10-10,Em Execucao,Reitoria,Servico De Prestacao Continuada
002/Sad/Seadm,"Prestacao De Servicos Tecnicos Especializados De Implantacao, Operacionalizacao E Manutencao De Uma Solucao De Telematica, Com Operacao Tecnica Integrada E Especializada, Para O Governo Do Estado De Pernambuco E Outros Poderes, Formando A Chamada Rede Peconectado Ii",Oi S.A. Em Recuperacao Judicial,76535764000143,146609.88,438391.65,2025-05-01,2026-04-30,Em Execucao,Upe,Servico De Prestacao Continuada
07,"Fornecimento De Licencas De Software Do Tipo “Autocad Lt”, Com Cessao Para Uso Valida Por 12 (Doze) Meses.",Mcr Sistemas E Consultoria Ltda,04198254000117,12810.0,12810.0,2025-05-19,2026-05-19,Em Execucao,Reitoria,Servico De Prestacao Continuada
09,"Prestacao De Servicos De Reforma Da Pavimentacao Do Campus Santo Amaro Da Upe (Esef E Condominio), Nas Condicoes Estabelecidas No Termo De Referencia, Na Proposta Da Contratada E Nos Demais Documentos Constantes Do Processo Relativo Ao Pregao Eletronico No 2951.2024.Cpl Upe En.Pe.0047.Fesp Upe.",Renovation Servicos E Manutencao Predial Ltda,28198456000127,199072.14,168531.43,2025-06-25,2026-03-22,Em Execucao,Campus Santo Amaro,Servicos De Engenharia - Obras - Reformas - Manutencoes
08,"Prestacao De Servicos De Motorista, Mediante A Disponibilizacao De Profissionais Devidamente Habilitados Nas Categorias “B”, “C” E “D”, Para Atender As Demandas Da Reitoria Da Upe",Solserv Servicos Ltda,14056350000184,199675.44,110999.55,2025-06-25,2026-06-25,Em Execucao,Reitoria,Servico De Prestacao Continuada Com Dedicacao Exclusiva De Mao De Obra
11,"Contratacao Que Consistente No Provisionamento, Configuracao, Suporte, Manutencao E Gestao Do Servico De Colaboracao Em Nuvem, Associada Aos Servicos De Colaboracao E Produtividade De Email, Ferramenta De Videoconferencia E Pacote De Software De Escritorio E Armazenamento, Denominado Google Workspace For Education Edicao Plus.",Rede Nacional De Ensino E Pesquisa - Rnp,03508097000136,1098045.0,366015.0,2025-07-01,2028-07-01,Em Execucao,Upe,Servico De Prestacao Continuada
13,"Prestacao De Servicos De Reserva, Emissao E Entrega De Bilhetes Aereos Para Viagens Nacionais E Internacionais E Demais Servicos Correlatos",Wc Viagens E Turismo Ltda,13480254000104,744827.31,167862.46,2025-07-17,2026-07-17,Em Execucao,Reitoria,Servico De Prestacao Continuada
12,Contratacao De Empresa De Engenharia Para Execucao Dos Servicos De Impermeabilizacao Da Coberta E Reforma Das Salas 02 E 04 Do Primeiro Andar Do Anexo Do Instituto Confucio,Navera Engenharia Ltda,33358693000148,140499.99,83975.77,2025-07-17,2026-07-17,Em Execucao,Ic - Instituto Confucio,Servicos De Engenharia - Obras - Reformas - Manutencoes
Empenho,"Servico De Manutencao Em Equipamento De Seguranca Do Tipo Manutencao Em Equipamento De Seguranca Tipo Antena De Sistema Antifurto, Aparelho Ativador E Desativador De Alarme Com Reposicao De Pecas.",As Systems,17141331000144,24499.98,21777.78,2025-07-23,2028-07-23,Em Execucao,Upe,Servico De Prestacao Nao Continuada - Por Demanda Ou Evento Especifico
15,Prestacao De Servicos Graficos De Plotagem De Plantas E Projetos Diversos,Debora Maria De Farias Cavalcanti,33336537000186,5904.0,830.0,2025-08-27,2026-08-27,Em Execucao,Reitoria,Servico De Prestacao Continuada
16,"Servico De Controle De Animais E Pragas Do Tipo Desinfestacao De Insetos Rasteiros, Baratas, Escorpioes, Ratos E Cupins, Com Tecnicas Diversas, Em Areas Internas E Externas. Servico De Controle De Animais E Pragas Do Tipo Prevencao De Proliferacao De Pombos, Com Uso De Gel Repelente, Em Areas Internas E Externas, Marquises E Coberta De Todos Os Predios Da Reitoria Da Upe.",S S Sanel Saude Ltda Epp,20160797000100,6000.0,1500.0,2025-09-03,2026-09-03,Em Execucao,Reitoria,Servico De Prestacao Continuada
11,"Constui O Objeto Do Presente Instrumento, A Prestacao E A Ulizacao Dos Servicos Publicos De Abastecimento De Agua E Esgotamento Sanitario, De Acordo Com As Condicoes Gerais Estabelecidas No Regulamento Geral Do Fornecimento De Agua E Da Coleta De Esgotos, Aprovado Pelo Decreto Estadual Nº. 18.251/94, Observada A Legislacao Aplicavel.",Compesa - Companhia Pernambucana De Saneamento,09769035000164,144000.0,54506.85,2025-09-03,2035-09-03,Em Execucao,Reitoria,Servico De Prestacao Continuada
09,"Constui O Objeto Do Presente Instrumento, A Prestacao E A Ulizacao Dos Servicos Publicos De Abastecimento De Agua E Esgotamento Sanitario, De Acordo Com As Condicoes Gerais Estabelecidas No Regulamento Geral Do Fornecimento De Agua E Da Coleta De Esgotos, Aprovado Pelo Decreto Estadual Nº. 18.251/94, Observada A Legislacao Aplicavel.",Compesa - Companhia Pernambucana De Saneamento,09769035000164,8400.0,4057.15,2025-09-03,2035-09-03,Em Execucao,Ic - Instituto Confucio,Servico De Prestacao Continuada
10,"Constui O Objeto Do Presente Instrumento, A Prestacao E A Ulizacao Dos Servicos Publicos De Abastecimento De Agua E Esgotamento Sanitario, De Acordo Com As Condicoes Gerais Estabelecidas No Regulamento Geral Do Fornecimento De Agua E Da Coleta De Esgotos, Aprovado Pelo Decreto Estadual Nº. 18.251/94, Observada A Legislacao Aplicavel.",Compesa - Companhia Pernambucana De Saneamento,09769035000164,6000.0,1377.0,2025-09-03,2035-09-03,Em Execucao,Iit - Instituto De Inovacao Tecnologica,Servico De Prestacao Continuada
08,"Constui O Objeto Do Presente Instrumento, A Prestacao E A Ulizacao Dos Servicos Publicos De Abastecimento De Agua E Esgotamento Sanitario, De Acordo Com As Condicoes Gerais Estabelecidas No Regulamento Geral Do Fornecimento De Agua E Da Coleta De Esgotos, Aprovado Pelo Decreto Estadual Nº. 18.251/94, Observada A Legislacao Aplicavel.",Compesa - Companhia Pernambucana De Saneamento,09769035000164,144000.0,0.0,2025-09-03,2035-09-03,Em Execucao,Campus Fop,Servico De Prestacao Continuada
17,Prestacao De Servicos De Cobertura Securitaria Seguro De Vida Em Grupo E Contra Acidentes Pessoais Coletivos Para Os Estudantes Com Estagios Obrigatorios Da Universidade De Pernambuco Campus Caruaru,Mbm Seguradora,87883807000106,1205.28,1205.28,2025-09-23,2026-09-23,Em Execucao,Campus Caruaru,Servico De Prestacao Continuada
Empenho,Aquisicao De 05 Licencas Do Software Office 365 A3 Visando Atender As Necessidades Do Campus Caruaru/Upe,Ipcomm Tecnologia Ltda,03675338000131,1138.25,1138.25,2025-09-23,2026-09-23,Em Execucao,Campus Caruaru,Servico De Prestacao Continuada
18,"Prestacao Dos Servicos De Engenharia Para Implantacao Do Sistema De Prevencao E Combate A Incendios (Spci), Iluminacao De Emergencia, Deteccao E Alarme Atendendo A Norma Regulamentadora Nr 23 – Protecao Contra Incendios E Ao Codigo De Seguranca Contra Incendio E Panico (Coscip), Do Estado De Pernambuco Lote 1 Unidades: Esef, Fensg, Fcm Sede, Icb Sede, Fop Clinicas – Campus Saude Rua Arnobio Marques, Nº310, Bairro Santo Amaro Recifepe.",Fwd Instalacoes Ltda,21332764000154,1467840.97,199990.88,2025-10-10,2026-06-07,Em Execucao,Combo 10 - Esef - Fensg - Fcm - Icb - Fop Clinicas,Servicos De Engenharia - Obras - Reformas - Manutencoes
18,"Prestacao Dos Servicos De Engenharia Para Implantacao Do Sistema De Prevencao E Combate A Incendios (Spci), Iluminacao De Emergencia, Deteccao E Alarme Atendendo A Norma Regulamentadora Nr 23 – Protecao Contra Incendios E Ao Codigo De Seguranca Contra Incendio E Panico (Coscip), Do Estado De Pernambuco Lote 2 Petrolina (Br 203, Km 2 S/Nº Vila Eduardopetrolinapernambuco) Arcoverde (Rua Cicero Monteiro De Melo, S/Nº, Bairro Sao Cristovao, Arcoverdepernambuco) Salgueiro (Rua Veremungo Soares – Zona Rural – Salgueiropernambuco).",Fwd Instalacoes Ltda,21332764000154,1467840.97,0.0,2025-10-10,2026-07-07,Em Execucao,Combo 9 - Petrolina - Arcoverde - Salgueiro,Servicos De Engenharia - Obras - Reformas - Manutencoes
18,"Prestacao Dos Servicos De Engenharia Para Implantacao Do Sistema De Prevencao E Combate A Incendios (Spci), Iluminacao De Emergencia, Deteccao E Alarme Atendendo A Norma Regulamentadora Nr 23 – Protecao Contra Incendios E Ao Codigo De Seguranca Contra Incendio E Panico (Coscip), Do Estado De Pernambuco Lote 4 Campus Mata Norte Da Upe Rua Amaro Maltes De Farias, Nº201 Centro Nazare Da Mata.",Fwd Instalacoes Ltda,21332764000154,1467840.97,0.0,2025-10-10,2026-06-07,Em Execucao,Campus Mata Norte,Servicos De Engenharia - Obras - Reformas - Manutencoes
18,"Prestacao Dos Servicos De Engenharia Para Implantacao Do Sistema De Prevencao E Combate A Incendios (Spci), Iluminacao De Emergencia, Deteccao E Alarme Atendendo A Norma Regulamentadora Nr 23 – Protecao Contra Incendios E Ao Codigo De Seguranca Contra Incendio E Panico (Coscip), Do Estado De Pernambuco Lote 5 Campus Garanhuns Da Upe Rua Capitao Pedro Rodrigues, Bairro Sao Jose, Garanhunspernambuco.",Fwd Instalacoes Ltda,21332764000154,1467840.97,0.0,2025-10-10,2026-06-07,Em Execucao,Campus Garanhus,Servicos De Engenharia - Obras - Reformas - Manutencoes
19,"Prestacao Dos Servicos De Engenharia Para Implantacao Do Sistema De Prevencao E Combate A Incendios (Spci), Iluminacao De Emergencia, Deteccao E Alarme Atendendo A Norma Regulamentadora Nr 23 – Protecao Contra Incendios E Ao Codigo De Seguranca Contra Incendio E Panico (Coscip), Do Estado De Pernambuco Lote 3 Upe Campus Benfica – Escola Politecnica De Pernambuco (Poli/Upe) E Faculdade De Ciencias Da Administracao E Direito (Fcap/Upe)",Jme Engenharia Ltda,24061780000148,450000.0,0.0,2025-10-10,2026-07-07,Em Execucao,Campus Benfica,Servicos De Engenharia - Obras - Reformas - Manutencoes
20,Fornecimento De 540 Garrafoes De Agua Mineral Para O Campus Caruaru,Inovacao Tecnologica Do Sertao De Itaparica Ltda,42881170000172,6566.4,729.6,2025-10-17,2026-10-17,Em Execucao,Campus Caruaru,Servico De Prestacao Continuada
21,"Contratacao De Empresa Especializada Prestacao De Servicos Advocaticios De Informacoes Forenses, Relativo Ao Exercicio De 2025",Sec Nor Distribuidora De Publicacoes,01592950000115,5310.0,1106.25,2025-10-17,2026-10-17,Em Execucao,Upe,Servico De Prestacao Continuada
22,"Prestacao De Servicos De Limpeza E Conservacao Predial, Com A Disponibilizacao De Mao De Obra, Produtos Saneantes Domissanitarios Referente A Dois Postos Para Atender As Necessidades Da Do Campus Caruaru",Fps Prestadora De Servicos Ltda,10531029000153,97356.17,13521.73,2025-10-29,2026-10-29,Em Execucao,Campus Caruaru,Servico De Prestacao Continuada Com Dedicacao Exclusiva De Mao De Obra
23,Contratacao De Empresa Especializada Em Serv Limpeza E Analise Bacteriologica E Fisico Quimica Caixas De Agua Da Reitoria E Do Inst. Confucio,Ra De Oliveira Q. Da Silveira Servicos,12900307000128,3860.0,1300.0,2025-11-05,2026-11-05,Em Execucao,Reitoria,Servico De Prestacao Continuada
23,Contratacao De Empresa Especializada Em Serv Limpeza E Analise Bacteriologica E Fisico Quimica Caixas De Agua Da Reitoria E Do Inst. Confucio,Ra De Oliveira Q. Da Silveira Servicos,12900307000128,3860.0,630.0,2025-11-05,2026-11-05,Em Execucao,Ic - Instituto Confucio,Servico De Prestacao Continuada
24,"Contratacao De Empresa De Engenharia Para Execucao Da Construcao De Muro, Alambrado, Guarita, Abrigo De Lixo E Urbanizacao Do Polo Da Upe Em Tabira.",Lexon Servicos & Construtora Empreendimentos,07191777000120,430904.88,61883.88,2025-11-07,2026-11-02,Em Execucao,Ead - Polo Tabira,Servicos De Engenharia - Obras - Reformas - Manutencoes
26,Eletrocardiografo Portatil,Newmed Ltda,11022597000191,52600.0,52600.0,2025-11-12,2026-11-12,Em Execucao,Procape - Prontosocorro Cardiologico Universitario De Pernambuco Professor Luiz Tavares,Fornecimento De Equipamento
25,Balao Intraaortico,Getinge Do Brasil Ltda.,06028137000211,540000.0,540000.0,2025-11-12,2026-11-12,Em Execucao,Procape - Prontosocorro Cardiologico Universitario De Pernambuco Professor Luiz Tavares,Fornecimento De Equipamento
27,"Servico De Prestacao De Mao De Obra Do Tipo Recepcionista,Nivel Medio Com Conhecimento Basico Em Informatica, Posto De 44 Horas Semanais,Turno Diurno,Segunda A Sexta",Rm Terceirizacao E Gestao De Recursos Humanos Ltda,11022597000191,41194.32,2517.43,2025-11-13,2026-11-13,Em Execucao,Campus Caruaru,Servico De Prestacao Continuada Com Dedicacao Exclusiva De Mao De Obra
29,Licenca De Uso De Software De Dados E Indicadores Para Avaliacao De Resultados Dos Programas De Fomento A Pesquisa E A Inovacao,Srd Tecnologia E Informacao Cientifica Ltda,18042370000157,45873.21,45873.21,2025-11-17,2026-11-17,Em Execucao,Reitoria,Servico De Prestacao Continuada
30,"Prestacao De Servicos De Vigilancia Armada, A Serem Executados Com Regime De Dedicacao Exclusiva De Mao De Obra Na Upe Campus Caruaru",Alforge Seguranca Patrimonial Ltda,13343833000105,71114.52,4345.89,2025-11-25,2026-11-25,Em Execucao,Campus Caruaru,Servico De Prestacao Continuada Com Dedicacao Exclusiva De Mao De Obra
32,"Aquisicao De Balaointraaortico, Bateria, Maleta, Cilindro, Kit.Simulador P/ Atender O Procape/Upe, Com Recursos Do Convenio 943902/2023",Getinge Do Brasil Equipamentos Medicos Ltda,06028137000211,540000.0,540000.0,2025-12-04,2026-08-21,Em Execucao,Procape - Prontosocorro Cardiologico Universitario De Pernambuco Professor Luiz Tavares,Fornecimento De Equipamento
33,"Execucao Da Reforma Das Cobertas Dos Blocos ""C"" E ""D"" Da Reitoria Da Universidade De Pernambuco – Upe",Onze Construcoes Ltda,14877395000110,345000.0,41709.94,2025-12-10,2026-08-07,Em Execucao,Reitoria,Servicos De Engenharia - Obras - Reformas - Manutencoes
28,"Contratacao Da Empresa Rede Nacional De Ensino E Pesquisa - Rnp, Para A Prestacao De Servico De Soc (Security Operations Center) Rnp - Intermediario",Rede Nacional De Ensino E Pesquisa - Rnp,03508097000136,326758.47,326758.47,2025-12-11,2026-12-11,Em Execucao,Upe,Servico De Prestacao Continuada
34,"Fornecimento De Um Firewall De Proxima Geracao (Nextgeneration Firewall Ngfw), Incluindo O Hardware, As Licencas De Software Necessarias Para Suas Funcionalidades Avancadas E O Suporte Tecnico Do Fabricante, Visando Atender As Necessidades Da Universidade De Pernambuco",Arpsist Servicos De Engenharia Ltda,70064316000122,395600.0,395600.0,2025-12-15,2028-12-15,Em Execucao,Reitoria,Servico De Prestacao Continuada
35,"Contratacao De Servico De Assinatura Da Base De Dados De Livros Eletronicos Biblioteca Virtual Da Pearson Education Do Brasil Ltda, Por Meio De Inexigibilidade De Licitacao Com Fundamento No Art. 74, Inc. I Da Lei Nº 14.133/21, Visando Atender As Necessidades Do Nucleo De Gestao De Bibliotecas Da Upe, Conforme As Condicoes, Especificacoes, Quantidades E Exigencias Contidas Neste Termo De Referencia.",Pearson Education Do Brasil Ltda,01404158001838,453222.53,5085.17,2025-12-16,2030-12-16,Em Execucao,Upe,Servico De Prestacao Continuada
41,"Contratacao Da Assinatura Da Base De Dados Webdewey, Da Online Computer Library Center (Oclc) Por Meio De Inexigibilidade De Licitacao Com Fundamento No Art. 74, Inc. I Da Lei Nº 14.133/21, Visando Atender As Necessidades Do Nucleo De Gestao De Bibliotecas Da Upe",Forall Assinaturas E Livros Ltda,87140307000176,18710.0,18710.0,2025-12-17,2030-12-17,Em Execucao,Reitoria,Servico De Prestacao Continuada
37,"Prestacao De Servicos Continuados Em Tecnologia Da Informacao, Para Customizacao, Sustentacao E Suporte Tecnico Dos Sistemas Sigufrn (Sigaa E Orbitais), Por Meio De Inexigibilidade De Licitacao. Com Fundamento No Art. 74, Inc. I Da Lei Nº 14.133/21, A Fim De Atender As Necessidades Da Universidade De Pernambuco",Sig Software & Consultoria Em Tecnologia Da Informacao Ltda,13406686000167,1520000.0,50000.0,2025-12-17,2026-12-17,Em Execucao,Upe,Servico De Prestacao Continuada
36,"Ecocardiografo Sistema Digital De Alta Resolucao Para Para Ultrassonografia Diagnostica Estrutura E Funcao Cardiaca,,Software Geral Para Ralizacao De Exames Vasculares E Transesofagicos",Philips Medical Systems Ltda,13406686000167,568000.0,568000.0,2025-12-17,2026-12-17,Em Execucao,Procape - Prontosocorro Cardiologico Universitario De Pernambuco Professor Luiz Tavares,Fornecimento De Equipamento
1,Prestacao De Servicos De Solucao Integrada E Gerenciada De Software De Protecao Antivirus E Antimalware Com Edr (Deteccao E Resposta De Endpoint),Cptec Solucoes Em Tecnologia Da Informacao Ltda,10362933000182,162750.0,162750.0,2026-01-16,2029-01-16,Em Execucao,Reitoria,Servico De Prestacao Nao Continuada - Por Demanda Ou Evento Especifico
2,"Fornecimento De Licencas Software De Design Grafico, Com Direito De Atualizacao E Suporte, Com Cessao Para Uso Valida Por 36 (Trinta E Seis) Meses, Visando Atender As Necessidades Da Reitoria Da Upe",Mcr Sistemas E Consultoria Ltda,04198254000117,223453.93,223453.93,2026-01-19,2029-01-19,Em Execucao,Reitoria,Servico De Prestacao Nao Continuada - Por Demanda Ou Evento Especifico
3,"Fornecimento De Licencas De Software Do Tipo “Licenca De Uso De Software - Coreldraw Graphics Suite, Licenca Por 36 Meses, Versao Atualizada”",Mcr Sistemas E Consultoria Ltda,04198254000117,1384.86,0.0,2026-01-22,2027-01-22,Em Execucao,Reitoria,Servico De Prestacao Nao Continuada - Por Demanda Ou Evento Especifico
4,"Ecocardiografo Equipamento Digital, Imagem De Alta Definicao,Opcoes De Criacoes De Protocolos,Demais Informacoes Em Edital,Assistencia Tecnica Em Pernambuco, Garantia Minima De 1 Ano, Registro Na Anvisamarca:Nenhuma Marca Registrada",Ge Healthcare Do Brasil Comercio E Servicos Para Equipamentos Medico,00029372000221,123900.0,123900.0,2026-01-22,2027-01-22,Em Execucao,Procape - Prontosocorro Cardiologico Universitario De Pernambuco Professor Luiz Tavares,Fornecimento De Equipamento
6,"Contratacao De Empresa Especializada Para Fornecimento De Licencas Do Windows Server - Sistema Operacional Para Prover Servicos De Infraestrutura E Licenca Cal De Acesso - Regulamentacao Da Conexao Entre Estacoes Clientes E Os Servicos De Infraestrutura Da Instituicao, Visando Atender As Necessidades Da Universidade De Pernambuco",Wernetech Informatica Ltda,33479392000172,76291.1,76291.1,2026-01-29,2029-01-29,Em Execucao,Reitoria,Servico De Prestacao Nao Continuada - Por Demanda Ou Evento Especifico
7,"Contratacao De Prestacao De Servicos Especializado De Monitoramento Inteligente Da Infraestrutura De Datacenter E Rede Da Universidade De Pernambuco (Upe), Com Foco Na Deteccao De Anomalias, Incidentes E Tendencias Que Possam Comprometer A Disponibilidade, Seguranca E Desempenho Dos Ativos De Tecnologia Da Informacao (Ti) E Dos Servicos Institucionais, Visando Atender As Necessidades Da Universidade De Pernambuco",Anomalus Solucoes Inteligentes Ltda,59778356000101,73800.0,6150.0,2026-02-24,2027-02-24,Em Execucao,Reitoria,Servico De Prestacao Nao Continuada - Por Demanda Ou Evento Especifico
31,"Constitui Objeto Do Presente Contrato A Prestacao De Servicos De Controle, Operacao E Fiscalizacao De Portarias (Dois Postos) Para Atender As Demandas Da Reitoria Da Upe, A Serem Executados Com Regime De Dedicacao Exclusiva De Mao De Obra, Nas Condicoes Estabelecidas No Termo De Referencia, Na Proposta Da Contratada E Nos Demais Documentos Constantes Do Processo Administrativo Em Epigrafe",Jsp Servicos E Terceirizados De Mao De Obra Ltda,13258693000169,141500.7,21912.96,2025-12-01,2026-12-01,Em Execucao,Reitoria,Servico De Prestacao Continuada Com Dedicacao Exclusiva De Mao De Obra
32,Contratacao De Empresa Na Prestacao De Servico De Gerenciamento Academico Dos Programas De Pos-Graduacao Stricto Sensu Da Upe Atraves Da Solucao Atrio+,Cattedra Solucoes Em Ti Eireli,15025223000180,244065.53,895931.63,2025-03-16,2026-03-15,Em Execucao,Upe,Servico De Prestacao Continuada
42,"Prestacao De Servicos De Manutencao Predial, Preventiva E Corretiva, Com Disponibilizacao De Equipamentos, Ferramentas E Utensilios, Sem Reposicao E Substituicao De Pecas, Para Atender As Necessidades Da Reitoria Da Upe E A Upe Campus Caruaru, Nos Termos Da Legislacao Vigente E Das Normas Tecnicas Aplicaveis, A Serem Executados Com Regime De Dedicacao Exclusiva De Mao De Obra, Conforme As Especificacoes Contidas No Termo De Referencia, Na Proposta Da Contratada E Nos Demais Documentos Constantes Do Processo Administrativo Em Epigrafe.",Servitium Ltda,00558943000134,165888.88,3920.03,2025-12-30,2026-12-30,Em Execucao,Combo 12 - Reitoria - Caruaru,Servico De Prestacao Continuada Com Dedicacao Exclusiva De Mao De Obra
Adesao,Servico De Pontos De Voz Movel (Assinatura Mensal) - Lote Iii Servico De Trafego Inter/Extra-Rede Pe-Conectado (Movel) - Lote Iii Servico De Trafego De Dados Via Pvm - Std - Lote Iii Servico De Pontos De Voz Movel - Pvm - Roaming Internacional Voz - Lote Iii Servico De Pontos De Voz Movel - Pvm - Roaming Internacional Dados - Lote Iii 3.3.90.40.09 - Sevico De Telefonia Movel,Claro S.A.,40432544000147,23765.42,,2025-12-09,2026-12-09,Em Execucao,Upe,Servico De Prestacao Continuada
Adesao,Servico De Trafego Extra-Rede Pe-Conectado (Fix0) - Te - Lote Ii Servico Adicional De Acesso Sip (Rmr) - Lote Ii 3.3.90.40.10 - Servico De Telefonia Fixa,Oi S.A. Em Recuperacao Judicial,76535764000143,6112.08,,2025-12-11,2026-12-11,Em Execucao,Upe,Servico De Prestacao Continuada
Adesao,3.3.90.40.12 - Servico De Teleprocessamento 3.3.90.40.11 - Servicos De Infraestrutura E Gerenciamento De Comunicacao De Dados E Redes,1Telecom Servicos De Tecnologia Em Internet Ltda,11844663000109,204595.44,,2026-03-01,2028-02-28,Nan,Upe,Servico De Prestacao Continuada
Adesao,3.3.90.40.10 - Sevico De Telefonia Fixa,Metodo Telecomunicacoes E Comercio Ltda,65295172000185,88620.0,,2026-03-01,2028-02-28,Nan,Upe,Servico De Prestacao Continuada
Nan,"Fornecimento De Equipamentos Medico Hospitalares Atraves Do Convenio Nº 891078/2019 Visando Atender As Necessidades Do Hospital Universitario Oswaldo Cruz Huoc/Upe. (Ventilador Pulmonar, Ultrasonografo)",Safe Suporte A Vida E Comercio Internacional Ltda,08675394000190,326000.0,326000.0,,,Em Execucao,Huoc - Hospital Universitario Oswaldo Cruz,Fornecimento De Equipamento
Nan,Fornecimento De Torno Mecanico Paralelo Universal Para Escola Politecnica De Pernambuco – Poli/Upe,Vitor E Buono Ltda,432238900000103,89500.0,89500.0,,,Em Execucao,Campus Benfica - Poli,Fornecimento De Equipamento
12,"Contratacao De Produtos E Servicos Por Meio De Pacote De Servicos Dos Correios Mediante Adesao Ao Termo De Condicoes Comerciais E Anexos, Quando Contratados Servicos Especificos, Que Permite A Compra De Produtos E Utilizacao Dos Diversos Servicos Dos Correios Por Meio Dos Canais De Atendimento Disponibilizados.",Empresa Brasileira De Correios E Telegrafos Etc,34028316002157,,,2026-03-19,2031-03-19,Nan,Reitoria,Servico De Prestacao Continuada
